stamp_sec,stamp_nsec,robot,x,y
1783677393,499091741,robot_0,-3.250,3.500
1783677394,688042379,robot_0,-3.250,3.500
1783677394,905471910,robot_0,-3.240,3.500
1783677395,105629323,robot_0,-3.240,3.500
1783677395,325340547,robot_0,-3.213,3.496
1783677395,525372834,robot_0,-3.158,3.487
1783677395,725410709,robot_0,-3.103,3.476
1783677395,925542894,robot_0,-3.048,3.466
1783677396,144778754,robot_0,-2.987,3.455
1783677396,344821667,robot_0,-2.932,3.445
1783677396,545492134,robot_0,-2.877,3.435
1783677396,765070708,robot_0,-2.817,3.424
1783677396,984739014,robot_0,-2.756,3.413
1783677397,185158900,robot_0,-2.701,3.403
1783677397,405372739,robot_0,-2.640,3.392
1783677397,624900305,robot_0,-2.580,3.381
1783677397,825032047,robot_0,-2.525,3.371
1783677398,45082073,robot_0,-2.464,3.360
1783677398,245655281,robot_0,-2.409,3.350
1783677398,465085763,robot_0,-2.348,3.339
1783677398,665786430,robot_0,-2.293,3.329
1783677398,885259987,robot_0,-2.233,3.317
1783677399,105124694,robot_0,-2.172,3.306
1783677399,305149816,robot_0,-2.117,3.296
1783677399,505530111,robot_0,-2.062,3.286
1783677399,726364693,robot_0,-2.001,3.275
1783677399,945480092,robot_0,-1.941,3.264
1783677400,145632111,robot_0,-1.886,3.254
1783677400,365274822,robot_0,-1.825,3.243
1783677400,585010153,robot_0,-1.764,3.232
1783677400,804970268,robot_0,-1.704,3.221
1783677401,5259802,robot_0,-1.649,3.211
1783677401,225251032,robot_0,-1.588,3.200
1783677401,425309802,robot_0,-1.533,3.190
1783677401,645323007,robot_0,-1.472,3.179
1783677401,864910262,robot_0,-1.412,3.167
1783677402,65277513,robot_0,-1.357,3.157
1783677402,284975919,robot_0,-1.307,3.148
1783677402,505062210,robot_0,-1.273,3.140
1783677402,705173817,robot_0,-1.256,3.135
1783677402,925080351,robot_0,-1.226,3.120
1783677403,125128009,robot_0,-1.202,3.104
1783677403,345051208,robot_0,-1.185,3.089
1783677403,564653590,robot_0,-1.162,3.063
1783677403,765115994,robot_0,-1.152,3.050
1783677403,965190359,robot_0,-1.138,3.021
1783677404,165364663,robot_0,-1.129,3.000
1783677404,385130143,robot_0,-1.121,2.962
1783677404,604818220,robot_0,-1.112,2.901
1783677404,805347802,robot_0,-1.105,2.846
1783677405,24876869,robot_0,-1.097,2.785
1783677405,225152934,robot_0,-1.089,2.729
1783677405,445169647,robot_0,-1.081,2.668
1783677405,665325094,robot_0,-1.073,2.607
1783677405,884960750,robot_0,-1.065,2.546
1783677406,104839248,robot_0,-1.057,2.485
1783677406,304879151,robot_0,-1.049,2.429
1783677406,505178095,robot_0,-1.042,2.374
1783677406,725128973,robot_0,-1.034,2.313
1783677406,945259922,robot_0,-1.025,2.252
1783677407,165338770,robot_0,-1.017,2.191
1783677407,385003302,robot_0,-1.009,2.130
1783677407,604681858,robot_0,-1.001,2.069
1783677407,805077987,robot_0,-0.994,2.013
1783677408,24874931,robot_0,-0.985,1.952
1783677408,225059091,robot_0,-0.978,1.897
1783677408,425123381,robot_0,-0.971,1.841
1783677408,645142563,robot_0,-0.962,1.780
1783677408,845264922,robot_0,-0.955,1.724
1783677409,45359261,robot_0,-0.948,1.669
1783677409,264889483,robot_0,-0.940,1.608
1783677409,484754232,robot_0,-0.931,1.547
1783677409,684795158,robot_0,-0.924,1.491
1783677409,885048328,robot_0,-0.917,1.436
1783677410,85339552,robot_0,-0.909,1.380
1783677410,305333238,robot_0,-0.901,1.319
1783677410,524968472,robot_0,-0.893,1.258
1783677410,725042931,robot_0,-0.885,1.203
1783677410,925249173,robot_0,-0.878,1.147
1783677411,145368524,robot_0,-0.870,1.086
1783677411,365032149,robot_0,-0.862,1.025
1783677411,584909390,robot_0,-0.854,0.964
1783677411,785037463,robot_0,-0.846,0.908
1783677412,5354848,robot_0,-0.838,0.847
1783677412,225000339,robot_0,-0.830,0.786
1783677412,425099653,robot_0,-0.822,0.731
1783677412,645198038,robot_0,-0.814,0.670
1783677412,865000646,robot_0,-0.806,0.609
1783677413,84921390,robot_0,-0.798,0.548
1783677413,284968711,robot_0,-0.791,0.492
1783677413,504693049,robot_0,-0.782,0.431
1783677413,705214269,robot_0,-0.775,0.376
1783677413,905308416,robot_0,-0.768,0.320
1783677414,124921921,robot_0,-0.760,0.259
1783677414,345175206,robot_0,-0.751,0.198
1783677414,545200262,robot_0,-0.744,0.142
1783677414,764881900,robot_0,-0.736,0.081
1783677414,965809375,robot_0,-0.728,0.026
1783677415,184806230,robot_0,-0.720,-0.035
1783677415,384967193,robot_0,-0.713,-0.091
1783677415,585213709,robot_0,-0.705,-0.146
1783677415,805016725,robot_0,-0.697,-0.207
1783677416,5149824,robot_0,-0.690,-0.263
1783677416,225058779,robot_0,-0.682,-0.324
1783677416,425272088,robot_0,-0.674,-0.379
1783677416,645383299,robot_0,-0.666,-0.440
1783677416,864964522,robot_0,-0.658,-0.501
1783677417,85011785,robot_0,-0.650,-0.562
1783677417,305134966,robot_0,-0.642,-0.624
1783677417,524928300,robot_0,-0.634,-0.685
1783677417,725712322,robot_0,-0.626,-0.740
1783677417,945052908,robot_0,-0.618,-0.801
1783677418,145083455,robot_0,-0.611,-0.857
1783677418,345213123,robot_0,-0.603,-0.912
1783677418,545228642,robot_0,-0.596,-0.968
1783677418,764888262,robot_0,-0.588,-1.029
1783677418,984764562,robot_0,-0.580,-1.090
1783677419,185109420,robot_0,-0.572,-1.145
1783677419,404893350,robot_0,-0.564,-1.206
1783677419,604983366,robot_0,-0.557,-1.262
1783677419,805055615,robot_0,-0.549,-1.317
1783677420,5129935,robot_0,-0.542,-1.373
1783677420,225091893,robot_0,-0.534,-1.434
1783677420,425246523,robot_0,-0.526,-1.489
1783677420,645099941,robot_0,-0.518,-1.551
1783677420,864652550,robot_0,-0.511,-1.602
1783677421,64830191,robot_0,-0.505,-1.647
1783677421,264986684,robot_0,-0.499,-1.690
1783677421,465309814,robot_0,-0.499,-1.690
1783677421,665446473,robot_0,-0.499,-1.690
1783677421,885136235,robot_0,-0.499,-1.690
1783677422,85440204,robot_0,-0.499,-1.691
1783677422,305220103,robot_0,-0.499,-1.691
1783677422,524740745,robot_0,-0.498,-1.691
1783677422,725076120,robot_0,-0.500,-1.694
1783677422,925227372,robot_0,-0.520,-1.718
1783677423,145022371,robot_0,-0.541,-1.739
1783677423,345053001,robot_0,-0.559,-1.752
1783677423,564721559,robot_0,-0.589,-1.769
1783677423,764915387,robot_0,-0.604,-1.775
1783677423,965028003,robot_0,-0.635,-1.784
1783677424,165457365,robot_0,-0.657,-1.788
1783677424,384870997,robot_0,-0.696,-1.788
1783677424,604945901,robot_0,-0.758,-1.784
1783677424,825067780,robot_0,-0.819,-1.779
1783677425,45153015,robot_0,-0.881,-1.774
1783677425,245270468,robot_0,-0.936,-1.770
1783677425,445285009,robot_0,-0.992,-1.766
1783677425,665335644,robot_0,-1.054,-1.761
1783677425,884891285,robot_0,-1.115,-1.756
1783677426,84973331,robot_0,-1.171,-1.752
1783677426,285061591,robot_0,-1.227,-1.748
1783677426,505031031,robot_0,-1.288,-1.743
1783677426,705094718,robot_0,-1.344,-1.739
1783677426,905187989,robot_0,-1.400,-1.735
1783677427,105278392,robot_0,-1.456,-1.730
1783677427,325217805,robot_0,-1.517,-1.726
1783677427,545005785,robot_0,-1.578,-1.721
1783677427,765084954,robot_0,-1.640,-1.716
1783677427,984771317,robot_0,-1.701,-1.711
1783677428,185082778,robot_0,-1.757,-1.707
1783677428,405130744,robot_0,-1.819,-1.702
1783677428,625119734,robot_0,-1.880,-1.698
1783677428,825124451,robot_0,-1.936,-1.694
1783677429,25139889,robot_0,-1.992,-1.689
1783677429,245020317,robot_0,-2.053,-1.685
1783677429,464949887,robot_0,-2.115,-1.680
1783677429,665593295,robot_0,-2.170,-1.676
1783677429,884917413,robot_0,-2.232,-1.671
1783677430,104715734,robot_0,-2.293,-1.666
1783677430,304867714,robot_0,-2.349,-1.662
1783677430,505097018,robot_0,-2.405,-1.658
1783677430,725019412,robot_0,-2.466,-1.653
1783677430,925023309,robot_0,-2.522,-1.649
1783677431,125254957,robot_0,-2.578,-1.644
1783677431,345584764,robot_0,-2.639,-1.640
1783677431,565164055,robot_0,-2.701,-1.635
1783677431,784609158,robot_0,-2.762,-1.630
1783677431,984785228,robot_0,-2.818,-1.626
1783677432,185117793,robot_0,-2.874,-1.622
1783677432,405046008,robot_0,-2.935,-1.617
1783677432,624915858,robot_0,-2.997,-1.612
1783677432,825010138,robot_0,-3.053,-1.608
1783677433,44942244,robot_0,-3.114,-1.603
1783677433,265072353,robot_0,-3.175,-1.598
1783677433,484778036,robot_0,-3.237,-1.594
1783677433,685205499,robot_0,-3.293,-1.589
1783677433,904780027,robot_0,-3.354,-1.585
1783677434,104993055,robot_0,-3.410,-1.580
1783677434,305169869,robot_0,-3.466,-1.576
1783677434,525147712,robot_0,-3.527,-1.571
1783677434,745039500,robot_0,-3.589,-1.567
1783677434,945136169,robot_0,-3.644,-1.563
1783677435,165846756,robot_0,-3.706,-1.558
1783677435,385000640,robot_0,-3.767,-1.553
1783677435,585158514,robot_0,-3.823,-1.549
1783677435,805020703,robot_0,-3.885,-1.544
1783677436,5071380,robot_0,-3.940,-1.540
1783677436,205179992,robot_0,-3.996,-1.536
1783677436,425447588,robot_0,-4.058,-1.531
1783677436,645013259,robot_0,-4.119,-1.526
1783677436,846029783,robot_0,-4.160,-1.523
1783677437,64867065,robot_0,-4.201,-1.520
1783677437,264940479,robot_0,-4.243,-1.517
1783677437,465350307,robot_0,-4.244,-1.517
1783677437,665359040,robot_0,-4.244,-1.517
1783677437,865463806,robot_0,-4.244,-1.517
1783677438,85239591,robot_0,-4.244,-1.517
1783677438,305117510,robot_0,-4.244,-1.517
1783677438,525042952,robot_0,-4.244,-1.518
1783677438,725055912,robot_0,-4.244,-1.518
1783677438,925196068,robot_0,-4.245,-1.518
1783677439,144925318,robot_0,-4.245,-1.518
1783677439,345179352,robot_0,-4.254,-1.498
1783677439,565278225,robot_0,-4.265,-1.464
1783677439,785074900,robot_0,-4.268,-1.445
1783677440,5059394,robot_0,-4.270,-1.410
1783677440,225137025,robot_0,-4.269,-1.391
1783677440,444968203,robot_0,-4.261,-1.356
1783677440,645151296,robot_0,-4.253,-1.332
1783677440,845358830,robot_0,-4.240,-1.307
1783677441,64968234,robot_0,-4.208,-1.255
1783677441,265353749,robot_0,-4.177,-1.208
1783677441,484982646,robot_0,-4.143,-1.157
1783677441,685145723,robot_0,-4.113,-1.110
1783677441,904937320,robot_0,-4.079,-1.058
1783677442,105048728,robot_0,-4.049,-1.011
1783677442,305158214,robot_0,-4.018,-0.964
1783677442,525292405,robot_0,-3.984,-0.913
1783677442,745051224,robot_0,-3.951,-0.861
1783677442,965189315,robot_0,-3.917,-0.810
1783677443,165722816,robot_0,-3.886,-0.763
1783677443,384788856,robot_0,-3.853,-0.711
1783677443,604813012,robot_0,-3.819,-0.659
1783677443,805129348,robot_0,-3.788,-0.613
1783677444,5163873,robot_0,-3.758,-0.566
1783677444,224900500,robot_0,-3.724,-0.514
1783677444,425144341,robot_0,-3.702,-0.480
1783677444,625226826,robot_0,-3.688,-0.455
1783677444,844923595,robot_0,-3.679,-0.435
1783677445,45254897,robot_0,-3.671,-0.404
1783677445,246052503,robot_0,-3.668,-0.388
1783677445,465210929,robot_0,-3.667,-0.353
1783677445,665540405,robot_0,-3.668,-0.330
1783677445,885141302,robot_0,-3.675,-0.302
1783677446,86146166,robot_0,-3.686,-0.273
1783677446,286433268,robot_0,-3.695,-0.256
1783677446,505381143,robot_0,-3.727,-0.203
1783677446,725936604,robot_0,-3.760,-0.151
1783677446,946307290,robot_0,-3.792,-0.099
1783677447,166031762,robot_0,-3.825,-0.047
1783677447,386217339,robot_0,-3.858,0.005
1783677447,605011368,robot_0,-3.891,0.058
1783677447,805058873,robot_0,-3.921,0.105
1783677448,5708099,robot_0,-3.950,0.152
1783677448,205772022,robot_0,-3.980,0.200
1783677448,425065987,robot_0,-4.013,0.252
1783677448,625406775,robot_0,-4.043,0.299
1783677448,845159156,robot_0,-4.066,0.336
1783677449,45782976,robot_0,-4.081,0.364
1783677449,265551871,robot_0,-4.086,0.373
1783677449,485472189,robot_0,-4.092,0.401
1783677449,686519032,robot_0,-4.096,0.433
1783677449,905183070,robot_0,-4.095,0.452
1783677450,125058774,robot_0,-4.091,0.487
1783677450,345178064,robot_0,-4.076,0.538
1783677450,565247992,robot_0,-4.057,0.596
1783677450,785081398,robot_0,-4.037,0.654
1783677450,985179324,robot_0,-4.018,0.707
1783677451,205196309,robot_0,-3.998,0.766
1783677451,424727538,robot_0,-3.978,0.824
1783677451,624943322,robot_0,-3.960,0.877
1783677451,825565381,robot_0,-3.942,0.930
1783677452,44928643,robot_0,-3.922,0.988
1783677452,245280032,robot_0,-3.903,1.041
1783677452,465161223,robot_0,-3.883,1.099
1783677452,665746957,robot_0,-3.865,1.152
1783677452,884905899,robot_0,-3.845,1.210
1783677453,84960423,robot_0,-3.827,1.263
1783677453,304607015,robot_0,-3.807,1.321
1783677453,505033843,robot_0,-3.788,1.374
1783677453,724956670,robot_0,-3.768,1.433
1783677453,925260243,robot_0,-3.750,1.486
1783677454,125327787,robot_0,-3.732,1.539
1783677454,344966098,robot_0,-3.712,1.597
1783677454,545128817,robot_0,-3.694,1.650
1783677454,745188636,robot_0,-3.675,1.703
1783677454,965111156,robot_0,-3.655,1.761
1783677455,165548261,robot_0,-3.637,1.814
1783677455,384948732,robot_0,-3.617,1.872
1783677455,585124439,robot_0,-3.599,1.925
1783677455,805068356,robot_0,-3.579,1.983
1783677456,24928858,robot_0,-3.559,2.042
1783677456,225079219,robot_0,-3.540,2.094
1783677456,444629579,robot_0,-3.520,2.153
1783677456,644947977,robot_0,-3.502,2.206
1783677456,865065388,robot_0,-3.482,2.264
1783677457,65676003,robot_0,-3.464,2.317
1783677457,284959588,robot_0,-3.444,2.375
1783677457,504670588,robot_0,-3.424,2.433
1783677457,705600564,robot_0,-3.405,2.486
1783677457,924977491,robot_0,-3.385,2.544
1783677458,145569720,robot_0,-3.365,2.603
1783677458,364932724,robot_0,-3.345,2.661
1783677458,565651641,robot_0,-3.327,2.714
1783677458,785139227,robot_0,-3.307,2.772
1783677459,5084430,robot_0,-3.287,2.830
1783677459,225002713,robot_0,-3.267,2.889
1783677459,425084609,robot_0,-3.248,2.942
1783677459,625151266,robot_0,-3.230,2.995
1783677459,844900988,robot_0,-3.210,3.053
1783677460,65206514,robot_0,-3.190,3.111
1783677460,285049458,robot_0,-3.170,3.169
1783677460,504741873,robot_0,-3.150,3.227
1783677460,724963786,robot_0,-3.130,3.286
1783677460,925200803,robot_0,-3.112,3.339
1783677461,144854949,robot_0,-3.092,3.397
1783677461,344924902,robot_0,-3.073,3.450
1783677461,564915361,robot_0,-3.053,3.508
1783677461,765039269,robot_0,-3.035,3.561
1783677461,965180192,robot_0,-3.017,3.614
1783677462,165245060,robot_0,-2.999,3.667
1783677462,365361908,robot_0,-2.980,3.720
1783677462,584970449,robot_0,-2.960,3.778
1783677462,785011086,robot_0,-2.942,3.831
1783677463,4870069,robot_0,-2.922,3.889
1783677463,225070622,robot_0,-2.902,3.948
1783677463,425096252,robot_0,-2.884,4.000
1783677463,645174048,robot_0,-2.864,4.059
1783677463,865222250,robot_0,-2.845,4.114
1783677464,85159857,robot_0,-2.832,4.149
1783677464,285321718,robot_0,-2.825,4.167
1783677464,485518841,robot_0,-2.825,4.167
1783677464,685623958,robot_0,-2.825,4.167
1783677464,905249071,robot_0,-2.825,4.167
1783677465,105267887,robot_0,-2.825,4.168
1783677465,305341344,robot_0,-2.812,4.176
1783677465,524752398,robot_0,-2.780,4.190
1783677465,725221160,robot_0,-2.764,4.196
1783677465,944651854,robot_0,-2.730,4.202
1783677466,144923740,robot_0,-2.704,4.203
1783677466,365000254,robot_0,-2.679,4.201
1783677466,565099657,robot_0,-2.648,4.195
1783677466,785212638,robot_0,-2.629,4.189
1783677467,5446029,robot_0,-2.575,4.163
1783677467,224900576,robot_0,-2.521,4.134
1783677467,424994381,robot_0,-2.471,4.108
1783677467,644970453,robot_0,-2.417,4.079
1783677467,864823482,robot_0,-2.362,4.050
1783677468,85128842,robot_0,-2.308,4.022
1783677468,285589928,robot_0,-2.258,3.995
1783677468,504807870,robot_0,-2.204,3.967
1783677468,705041568,robot_0,-2.154,3.940
1783677468,905047871,robot_0,-2.105,3.914
1783677469,125034538,robot_0,-2.050,3.886
1783677469,344849658,robot_0,-1.996,3.857
1783677469,545092307,robot_0,-1.946,3.831
1783677469,764993220,robot_0,-1.892,3.802
1783677469,985304708,robot_0,-1.837,3.773
1783677470,185867723,robot_0,-1.788,3.747
1783677470,404931781,robot_0,-1.733,3.718
1783677470,604983261,robot_0,-1.684,3.692
1783677470,804991695,robot_0,-1.634,3.666
1783677471,5119797,robot_0,-1.585,3.640
1783677471,225100465,robot_0,-1.530,3.611
1783677471,444711633,robot_0,-1.476,3.582
1783677471,645074956,robot_0,-1.426,3.556
1783677471,864805473,robot_0,-1.372,3.527
1783677472,84819211,robot_0,-1.318,3.498
1783677472,285081398,robot_0,-1.278,3.477
1783677472,485780834,robot_0,-1.250,3.461
1783677472,704914927,robot_0,-1.233,3.449
1783677472,904957513,robot_0,-1.211,3.428
1783677473,104963093,robot_0,-1.191,3.405
1783677473,325110414,robot_0,-1.181,3.387
1783677473,525193474,robot_0,-1.167,3.358
1783677473,744783437,robot_0,-1.161,3.340
1783677473,964810750,robot_0,-1.149,3.282
1783677474,165272792,robot_0,-1.138,3.227
1783677474,384636150,robot_0,-1.127,3.166
1783677474,585234458,robot_0,-1.117,3.111
1783677474,785253363,robot_0,-1.106,3.056
1783677475,5029071,robot_0,-1.095,2.995
1783677475,205107955,robot_0,-1.085,2.940
1783677475,405265577,robot_0,-1.074,2.885
1783677475,624960769,robot_0,-1.063,2.825
1783677475,825118592,robot_0,-1.053,2.770
1783677476,44864458,robot_0,-1.041,2.709
1783677476,245152109,robot_0,-1.031,2.654
1783677476,464946393,robot_0,-1.020,2.594
1783677476,665335070,robot_0,-1.009,2.539
1783677476,865814857,robot_0,-0.999,2.483
1783677477,85500178,robot_0,-0.988,2.423
1783677477,285503467,robot_0,-0.977,2.368
1783677477,505105999,robot_0,-0.966,2.307
1783677477,705601801,robot_0,-0.956,2.252
1783677477,924881358,robot_0,-0.944,2.192
1783677478,125226680,robot_0,-0.934,2.137
1783677478,325346460,robot_0,-0.924,2.082
1783677478,525349204,robot_0,-0.913,2.027
1783677478,744704545,robot_0,-0.902,1.966
1783677478,945344347,robot_0,-0.892,1.911
1783677479,165698447,robot_0,-0.880,1.851
1783677479,385415743,robot_0,-0.869,1.790
1783677479,585584345,robot_0,-0.859,1.735
1783677479,785891836,robot_0,-0.848,1.680
1783677479,986562334,robot_0,-0.838,1.625
1783677480,205133024,robot_0,-0.827,1.564
1783677480,405193234,robot_0,-0.816,1.509
1783677480,624864859,robot_0,-0.805,1.449
1783677480,824988781,robot_0,-0.795,1.394
1783677481,44942223,robot_0,-0.783,1.333
1783677481,244956252,robot_0,-0.773,1.278
1783677481,445090385,robot_0,-0.763,1.223
1783677481,645160369,robot_0,-0.752,1.168
1783677481,845556626,robot_0,-0.742,1.113
1783677482,64995853,robot_0,-0.730,1.052
1783677482,265525162,robot_0,-0.720,0.997
1783677482,484959085,robot_0,-0.709,0.937
1783677482,685181427,robot_0,-0.698,0.882
1783677482,885480632,robot_0,-0.688,0.827
1783677483,105036445,robot_0,-0.677,0.766
1783677483,324905190,robot_0,-0.665,0.706
1783677483,525115097,robot_0,-0.655,0.651
1783677483,745085816,robot_0,-0.644,0.590
1783677483,945101658,robot_0,-0.633,0.535
1783677484,165379294,robot_0,-0.622,0.475
1783677484,385154538,robot_0,-0.611,0.414
1783677484,604827697,robot_0,-0.599,0.353
1783677484,804863847,robot_0,-0.589,0.298
1783677485,4958844,robot_0,-0.579,0.243
1783677485,205125492,robot_0,-0.568,0.188
1783677485,424983536,robot_0,-0.557,0.128
1783677485,625084764,robot_0,-0.547,0.073
1783677485,844807231,robot_0,-0.535,0.012
1783677486,64812051,robot_0,-0.524,-0.048
1783677486,265074926,robot_0,-0.514,-0.103
1783677486,465233078,robot_0,-0.503,-0.158
1783677486,665421816,robot_0,-0.493,-0.213
1783677486,885017962,robot_0,-0.482,-0.274
1783677487,85363732,robot_0,-0.471,-0.329
1783677487,306323393,robot_0,-0.460,-0.390
1783677487,525048837,robot_0,-0.449,-0.450
1783677487,725295918,robot_0,-0.438,-0.505
1783677487,944916011,robot_0,-0.427,-0.566
1783677488,165163800,robot_0,-0.416,-0.626
1783677488,385306097,robot_0,-0.404,-0.687
1783677488,604989119,robot_0,-0.393,-0.747
1783677488,805566254,robot_0,-0.383,-0.802
1783677489,25939508,robot_0,-0.371,-0.863
1783677489,244694672,robot_0,-0.360,-0.924
1783677489,464681997,robot_0,-0.349,-0.984
1783677489,665350432,robot_0,-0.338,-1.039
1783677489,885123178,robot_0,-0.327,-1.100
1783677490,105002135,robot_0,-0.315,-1.160
1783677490,305242677,robot_0,-0.305,-1.215
1783677490,525023898,robot_0,-0.294,-1.276
1783677490,745060250,robot_0,-0.282,-1.336
1783677490,964990458,robot_0,-0.271,-1.397
1783677491,167083923,robot_0,-0.261,-1.452
1783677491,385143467,robot_0,-0.249,-1.512
1783677491,585483082,robot_0,-0.239,-1.567
1783677491,804776556,robot_0,-0.231,-1.612
1783677492,24853460,robot_0,-0.226,-1.639
1783677492,225003654,robot_0,-0.218,-1.679
1783677492,444937807,robot_0,-0.217,-1.683
1783677492,645133249,robot_0,-0.217,-1.683
1783677492,865013958,robot_0,-0.217,-1.683
1783677493,65125213,robot_0,-0.217,-1.683
1783677493,285201770,robot_0,-0.217,-1.683
1783677493,505168521,robot_0,-0.216,-1.683
1783677493,705279144,robot_0,-0.216,-1.683
1783677493,925046983,robot_0,-0.216,-1.683
1783677494,145030817,robot_0,-0.216,-1.684
1783677494,345482975,robot_0,-0.221,-1.687
1783677494,564838338,robot_0,-0.250,-1.706
1783677494,785022107,robot_0,-0.256,-1.710
1783677495,4831476,robot_0,-0.286,-1.719
1783677495,205117073,robot_0,-0.318,-1.725
1783677495,425079719,robot_0,-0.353,-1.728
1783677495,625202244,robot_0,-0.382,-1.726
1783677495,825235769,robot_0,-0.408,-1.721
1783677496,45346022,robot_0,-0.468,-1.706
1783677496,264983121,robot_0,-0.527,-1.691
1783677496,464988354,robot_0,-0.582,-1.677
1783677496,665303009,robot_0,-0.636,-1.663
1783677496,885193811,robot_0,-0.696,-1.648
1783677497,85669746,robot_0,-0.750,-1.634
1783677497,305028271,robot_0,-0.810,-1.619
1783677497,505119332,robot_0,-0.864,-1.605
1783677497,725129338,robot_0,-0.923,-1.590
1783677497,945122295,robot_0,-0.983,-1.574
1783677498,165157441,robot_0,-1.043,-1.559
1783677498,384941782,robot_0,-1.102,-1.544
1783677498,604728124,robot_0,-1.162,-1.529
1783677498,805005415,robot_0,-1.216,-1.515
1783677499,24815977,robot_0,-1.276,-1.499
1783677499,224889334,robot_0,-1.330,-1.486
1783677499,425155824,robot_0,-1.385,-1.472
1783677499,645118959,robot_0,-1.444,-1.456
1783677499,845193594,robot_0,-1.499,-1.442
1783677500,64755182,robot_0,-1.558,-1.427
1783677500,264820389,robot_0,-1.612,-1.413
1783677500,485171589,robot_0,-1.672,-1.398
1783677500,685358663,robot_0,-1.726,-1.384
1783677500,905032653,robot_0,-1.786,-1.369
1783677501,124606389,robot_0,-1.846,-1.354
1783677501,325401943,robot_0,-1.900,-1.340
1783677501,545261784,robot_0,-1.960,-1.324
1783677501,764972235,robot_0,-2.019,-1.309
1783677501,985285656,robot_0,-2.079,-1.294
1783677502,185354781,robot_0,-2.133,-1.280
1783677502,385564482,robot_0,-2.188,-1.266
1783677502,604886814,robot_0,-2.247,-1.251
1783677502,824941312,robot_0,-2.307,-1.236
1783677503,44771966,robot_0,-2.367,-1.220
1783677503,244871807,robot_0,-2.421,-1.206
1783677503,464992806,robot_0,-2.480,-1.191
1783677503,665727982,robot_0,-2.535,-1.177
1783677503,885632182,robot_0,-2.594,-1.162
1783677504,105102992,robot_0,-2.654,-1.147
1783677504,324961130,robot_0,-2.714,-1.132
1783677504,545634718,robot_0,-2.773,-1.116
1783677504,765119377,robot_0,-2.833,-1.101
1783677504,965162035,robot_0,-2.887,-1.087
1783677505,165438407,robot_0,-2.942,-1.073
1783677505,384942478,robot_0,-3.001,-1.058
1783677505,585106974,robot_0,-3.056,-1.044
1783677505,785431940,robot_0,-3.110,-1.030
1783677506,5017222,robot_0,-3.169,-1.015
1783677506,205233879,robot_0,-3.224,-1.001
1783677506,425000405,robot_0,-3.283,-0.986
1783677506,625017710,robot_0,-3.338,-0.972
1783677506,825209767,robot_0,-3.392,-0.958
1783677507,44674425,robot_0,-3.452,-0.943
1783677507,245133710,robot_0,-3.506,-0.929
1783677507,445244624,robot_0,-3.560,-0.915
1783677507,645941540,robot_0,-3.614,-0.901
1783677507,865036284,robot_0,-3.674,-0.886
1783677508,84765039,robot_0,-3.734,-0.871
1783677508,285268176,robot_0,-3.788,-0.857
1783677508,505329319,robot_0,-3.848,-0.841
1783677508,725262923,robot_0,-3.907,-0.826
1783677508,945255575,robot_0,-3.967,-0.811
1783677509,145374921,robot_0,-4.021,-0.797
1783677509,365571067,robot_0,-4.081,-0.782
1783677509,585336754,robot_0,-4.141,-0.766
1783677509,785323144,robot_0,-4.183,-0.756
1783677509,985402121,robot_0,-4.208,-0.748
1783677510,185582773,robot_0,-4.222,-0.743
1783677510,386027200,robot_0,-4.222,-0.743
1783677510,586395748,robot_0,-4.222,-0.743
1783677510,806081288,robot_0,-4.222,-0.743
1783677511,26241470,robot_0,-4.223,-0.744
1783677511,245873554,robot_0,-4.226,-0.738
1783677511,465553389,robot_0,-4.240,-0.706
1783677511,665561332,robot_0,-4.248,-0.685
1783677511,885226240,robot_0,-4.252,-0.657
1783677512,85784171,robot_0,-4.254,-0.625
1783677512,305567000,robot_0,-4.253,-0.605
1783677512,526046602,robot_0,-4.245,-0.571
1783677512,745977450,robot_0,-4.242,-0.558
1783677512,965732359,robot_0,-4.224,-0.525
1783677513,167332064,robot_0,-4.197,-0.476
1783677513,386255859,robot_0,-4.166,-0.423
1783677513,605846809,robot_0,-4.135,-0.369
1783677513,824959236,robot_0,-4.105,-0.316
1783677514,44734084,robot_0,-4.074,-0.262
1783677514,245346950,robot_0,-4.046,-0.214
1783677514,464831827,robot_0,-4.016,-0.160
1783677514,664957047,robot_0,-3.988,-0.112
1783677514,865195028,robot_0,-3.960,-0.063
1783677515,86393979,robot_0,-3.929,-0.010
1783677515,305155622,robot_0,-3.899,0.044
1783677515,524799963,robot_0,-3.868,0.097
1783677515,724813740,robot_0,-3.840,0.146
1783677515,944778432,robot_0,-3.809,0.199
1783677516,145242162,robot_0,-3.782,0.248
1783677516,365381927,robot_0,-3.751,0.301
1783677516,585103955,robot_0,-3.720,0.354
1783677516,785203537,robot_0,-3.692,0.403
1783677516,985212501,robot_0,-3.665,0.452
1783677517,186374857,robot_0,-3.637,0.500
1783677517,405432155,robot_0,-3.606,0.554
1783677517,625159008,robot_0,-3.575,0.607
1783677517,825835722,robot_0,-3.549,0.653
1783677518,45273661,robot_0,-3.533,0.683
1783677518,245992409,robot_0,-3.520,0.713
1783677518,465233665,robot_0,-3.510,0.747
1783677518,665746442,robot_0,-3.506,0.769
1783677518,885478893,robot_0,-3.506,0.798
1783677519,105384027,robot_0,-3.509,0.831
1783677519,305640229,robot_0,-3.514,0.849
1783677519,506327232,robot_0,-3.532,0.902
1783677519,725695507,robot_0,-3.555,0.959
1783677519,926071730,robot_0,-3.575,1.011
1783677520,145826455,robot_0,-3.598,1.069
1783677520,365330126,robot_0,-3.620,1.126
1783677520,585654754,robot_0,-3.642,1.183
1783677520,805691304,robot_0,-3.665,1.241
1783677521,25687240,robot_0,-3.687,1.298
1783677521,225973888,robot_0,-3.708,1.350
1783677521,446014508,robot_0,-3.730,1.408
1783677521,665407558,robot_0,-3.753,1.465
1783677521,885908766,robot_0,-3.775,1.522
1783677522,105690307,robot_0,-3.797,1.580
1783677522,325067477,robot_0,-3.820,1.637
1783677522,526122364,robot_0,-3.840,1.689
1783677522,745693410,robot_0,-3.863,1.747
1783677522,945960430,robot_0,-3.883,1.799
1783677523,146059083,robot_0,-3.904,1.851
1783677523,364805309,robot_0,-3.926,1.908
1783677523,565475806,robot_0,-3.946,1.960
1783677523,766231437,robot_0,-3.967,2.013
1783677523,985667235,robot_0,-3.989,2.070
1783677524,206644658,robot_0,-4.012,2.127
1783677524,425398285,robot_0,-4.034,2.185
1783677524,645732455,robot_0,-4.056,2.242
1783677524,845807821,robot_0,-4.077,2.294
1783677525,65753599,robot_0,-4.099,2.352
1783677525,285321108,robot_0,-4.122,2.409
1783677525,485537717,robot_0,-4.142,2.461
1783677525,706011921,robot_0,-4.165,2.518
1783677525,906135238,robot_0,-4.184,2.569
1783677526,126567422,robot_0,-4.197,2.602
1783677526,345215408,robot_0,-4.206,2.637
1783677526,546047802,robot_0,-4.210,2.668
1783677526,765062692,robot_0,-4.211,2.687
1783677526,965064663,robot_0,-4.207,2.719
1783677527,165352061,robot_0,-4.202,2.741
1783677527,386096591,robot_0,-4.192,2.768
1783677527,604985133,robot_0,-4.176,2.798
1783677527,805510579,robot_0,-4.166,2.812
1783677528,5792954,robot_0,-4.144,2.836
1783677528,225976086,robot_0,-4.130,2.849
1783677528,445650977,robot_0,-4.100,2.868
1783677528,646011801,robot_0,-4.077,2.880
1783677528,865004496,robot_0,-4.041,2.891
1783677529,84939502,robot_0,-3.982,2.908
1783677529,285251041,robot_0,-3.928,2.923
1783677529,504908115,robot_0,-3.869,2.939
1783677529,705216121,robot_0,-3.815,2.954
1783677529,925023616,robot_0,-3.755,2.971
1783677530,144765917,robot_0,-3.696,2.987
1783677530,346218554,robot_0,-3.642,3.002
1783677530,565789696,robot_0,-3.583,3.019
1783677530,785065220,robot_0,-3.523,3.035
1783677531,5888036,robot_0,-3.464,3.052
1783677531,225098283,robot_0,-3.405,3.068
1783677531,445446022,robot_0,-3.345,3.084
1783677531,666327779,robot_0,-3.286,3.101
1783677531,885101332,robot_0,-3.227,3.117
1783677532,105667988,robot_0,-3.167,3.134
1783677532,325601753,robot_0,-3.108,3.150
1783677532,545063627,robot_0,-3.049,3.167
1783677532,764805439,robot_0,-2.989,3.183
1783677532,965479163,robot_0,-2.935,3.198
1783677533,165785657,robot_0,-2.881,3.213
1783677533,385094040,robot_0,-2.822,3.230
1783677533,585090945,robot_0,-2.768,3.245
1783677533,785205835,robot_0,-2.714,3.260
1783677534,5168698,robot_0,-2.655,3.276
1783677534,225202742,robot_0,-2.595,3.293
1783677534,444840736,robot_0,-2.536,3.309
1783677534,665522690,robot_0,-2.477,3.326
1783677534,884655035,robot_0,-2.417,3.342
1783677535,85152386,robot_0,-2.363,3.357
1783677535,285300915,robot_0,-2.309,3.372
1783677535,505055153,robot_0,-2.250,3.389
1783677535,705134485,robot_0,-2.196,3.404
1783677535,905418047,robot_0,-2.142,3.419
1783677536,124873938,robot_0,-2.083,3.435
1783677536,325248414,robot_0,-2.029,3.450
1783677536,545156351,robot_0,-1.969,3.467
1783677536,764922741,robot_0,-1.910,3.483
1783677536,965810267,robot_0,-1.856,3.498
1783677537,166388857,robot_0,-1.802,3.513
1783677537,385634435,robot_0,-1.743,3.530
1783677537,586036695,robot_0,-1.689,3.545
1783677537,806317718,robot_0,-1.629,3.561
1783677538,25300858,robot_0,-1.570,3.577
1783677538,225405562,robot_0,-1.516,3.592
1783677538,445067550,robot_0,-1.457,3.609
1783677538,645233762,robot_0,-1.403,3.624
1783677538,865052590,robot_0,-1.343,3.640
1783677539,65565622,robot_0,-1.290,3.655
1783677539,285105772,robot_0,-1.241,3.669
1783677539,505376514,robot_0,-1.207,3.680
1783677539,705608798,robot_0,-1.192,3.686
1783677539,906002534,robot_0,-1.192,3.686
1783677540,125004888,robot_0,-1.192,3.686
1783677540,345357877,robot_0,-1.173,3.697
1783677540,545753462,robot_0,-1.146,3.714
1783677540,765260312,robot_0,-1.130,3.725
1783677540,984992986,robot_0,-1.104,3.749
1783677541,185055226,robot_0,-1.091,3.763
1783677541,405203311,robot_0,-1.074,3.790
1783677541,605205746,robot_0,-1.060,3.817
1783677541,824795619,robot_0,-1.054,3.837
1783677542,25159880,robot_0,-1.046,3.868
1783677542,225236455,robot_0,-1.041,3.883
1783677542,425510594,robot_0,-1.028,3.912
1783677542,645421027,robot_0,-1.014,3.938
1783677542,864901576,robot_0,-1.008,3.945
1783677543,65174563,robot_0,-0.986,3.968
1783677543,284764485,robot_0,-0.962,3.994
1783677543,485209326,robot_0,-0.943,4.019
1783677543,705411992,robot_0,-0.933,4.036
1783677543,925257378,robot_0,-0.932,4.036
1783677544,144704106,robot_0,-0.932,4.036
1783677544,344945594,robot_0,-0.932,4.036
1783677544,545527532,robot_0,-0.933,4.036
1783677544,764903475,robot_0,-0.933,4.036
1783677544,965048415,robot_0,-0.933,4.036
1783677545,165301011,robot_0,-0.933,4.036
1783677545,384846770,robot_0,-0.909,4.052
1783677545,584955256,robot_0,-0.883,4.069
1783677545,805109201,robot_0,-0.879,4.072
1783677546,7315425,robot_0,-0.857,4.093
1783677546,225060107,robot_0,-0.837,4.118
1783677546,444964615,robot_0,-0.836,4.118
1783677546,645029308,robot_0,-0.836,4.118
1783677546,845032689,robot_0,-0.836,4.118
1783677547,45804820,robot_0,-0.836,4.118
1783677547,265233684,robot_0,-0.836,4.118
1783677547,465324775,robot_0,-0.836,4.118
1783677547,685217364,robot_0,-0.837,4.119
1783677547,905389688,robot_0,-0.837,4.119
1783677548,105468345,robot_0,-0.837,4.119
1783677548,325175166,robot_0,-0.837,4.119
1783677548,545493863,robot_0,-0.837,4.119
1783677548,764734773,robot_0,-0.837,4.120
1783677548,965287181,robot_0,-0.837,4.120
1783677549,165312495,robot_0,-0.837,4.120
1783677549,384902764,robot_0,-0.837,4.120
1783677549,585274953,robot_0,-0.836,4.121
1783677549,805252585,robot_0,-0.836,4.121
1783677550,25005870,robot_0,-0.836,4.121
1783677550,225660631,robot_0,-0.836,4.121
1783677550,444656875,robot_0,-0.836,4.121
1783677550,645227590,robot_0,-0.835,4.121
1783677550,865219975,robot_0,-0.835,4.121
1783677551,84970198,robot_0,-0.835,4.121
1783677551,285359700,robot_0,-0.835,4.109
1783677551,505751804,robot_0,-0.840,4.074
1783677551,725164240,robot_0,-0.844,4.055
1783677551,944865703,robot_0,-0.857,4.022
1783677552,144905734,robot_0,-0.869,3.999
1783677552,345229834,robot_0,-0.888,3.974
1783677552,545483640,robot_0,-0.924,3.930
1783677552,765104974,robot_0,-0.963,3.883
1783677552,965262849,robot_0,-0.998,3.839
1783677553,185026347,robot_0,-1.038,3.792
1783677553,385203363,robot_0,-1.073,3.749
1783677553,605077614,robot_0,-1.112,3.701
1783677553,805362281,robot_0,-1.148,3.658
1783677554,24847627,robot_0,-1.187,3.610
1783677554,225254087,robot_0,-1.222,3.567
1783677554,445176563,robot_0,-1.262,3.519
1783677554,665401518,robot_0,-1.301,3.472
1783677554,885396947,robot_0,-1.340,3.424
1783677555,105060503,robot_0,-1.379,3.377
1783677555,305075424,robot_0,-1.414,3.333
1783677555,505522927,robot_0,-1.450,3.290
1783677555,724979884,robot_0,-1.489,3.242
1783677555,945062538,robot_0,-1.528,3.195
1783677556,145081939,robot_0,-1.564,3.152
1783677556,365066563,robot_0,-1.603,3.104
1783677556,585068704,robot_0,-1.642,3.056
1783677556,804883548,robot_0,-1.681,3.009
1783677557,4893608,robot_0,-1.717,2.966
1783677557,205174542,robot_0,-1.752,2.922
1783677557,405271390,robot_0,-1.788,2.879
1783677557,625104913,robot_0,-1.827,2.831
1783677557,825323122,robot_0,-1.863,2.788
1783677558,45130005,robot_0,-1.902,2.741
1783677558,264940999,robot_0,-1.941,2.693
1783677558,484734493,robot_0,-1.980,2.645
1783677558,684970602,robot_0,-2.015,2.602
1783677558,905104681,robot_0,-2.046,2.565
1783677559,125237125,robot_0,-2.068,2.541
1783677559,344713433,robot_0,-2.068,2.541
1783677559,544715324,robot_0,-2.067,2.540
1783677559,744989363,robot_0,-2.073,2.538
1783677559,964663410,robot_0,-2.106,2.526
1783677560,165288116,robot_0,-2.128,2.521
1783677560,385310470,robot_0,-2.141,2.520
1783677560,605231405,robot_0,-2.176,2.521
1783677560,805301698,robot_0,-2.209,2.527
1783677561,24967419,robot_0,-2.268,2.543
1783677561,244990692,robot_0,-2.326,2.561
1783677561,445014518,robot_0,-2.380,2.578
1783677561,664971233,robot_0,-2.439,2.597
1783677561,885097271,robot_0,-2.498,2.615
1783677562,85142211,robot_0,-2.551,2.632
1783677562,305093135,robot_0,-2.610,2.650
1783677562,524877298,robot_0,-2.669,2.668
1783677562,725049549,robot_0,-2.722,2.685
1783677562,925491280,robot_0,-2.775,2.702
1783677563,145245895,robot_0,-2.834,2.720
1783677563,365190258,robot_0,-2.893,2.739
1783677563,585096710,robot_0,-2.952,2.757
1783677563,805584195,robot_0,-3.011,2.775
1783677564,6033450,robot_0,-3.064,2.792
1783677564,225628586,robot_0,-3.123,2.810
1783677564,426213681,robot_0,-3.176,2.827
1783677564,645580984,robot_0,-3.235,2.846
1783677564,864709867,robot_0,-3.294,2.864
1783677565,65293015,robot_0,-3.347,2.881
1783677565,285233627,robot_0,-3.406,2.899
1783677565,504778807,robot_0,-3.465,2.917
1783677565,705119580,robot_0,-3.518,2.934
1783677565,905340833,robot_0,-3.572,2.951
1783677566,125484314,robot_0,-3.631,2.969
1783677566,345045913,robot_0,-3.689,2.988
1783677566,545310050,robot_0,-3.743,3.004
1783677566,765130448,robot_0,-3.802,3.023
1783677566,965611400,robot_0,-3.855,3.039
1783677567,185332563,robot_0,-3.914,3.058
1783677567,405341746,robot_0,-3.973,3.076
1783677567,605415251,robot_0,-4.026,3.093
1783677567,825324739,robot_0,-4.083,3.111
1783677568,25647442,robot_0,-4.134,3.127
1783677568,225919446,robot_0,-4.184,3.142
1783677568,444858221,robot_0,-4.209,3.150
1783677568,645422976,robot_0,-4.227,3.157
1783677568,865456411,robot_0,-4.227,3.156
1783677569,85522986,robot_0,-4.227,3.156
1783677569,305597621,robot_0,-4.227,3.156
1783677569,525027045,robot_0,-4.227,3.156
1783677569,745212234,robot_0,-4.228,3.156
1783677569,945625950,robot_0,-4.228,3.156
1783677570,145903720,robot_0,-4.228,3.156
1783677570,365037611,robot_0,-4.228,3.155
1783677570,565965687,robot_0,-4.228,3.155
1783677570,785265467,robot_0,-4.229,3.156
1783677570,985440450,robot_0,-4.229,3.156
1783677571,185494327,robot_0,-4.229,3.156
1783677571,405304241,robot_0,-4.229,3.156
1783677571,605399549,robot_0,-4.230,3.156
1783677571,825580978,robot_0,-4.218,3.171
1783677572,25622106,robot_0,-4.195,3.193
1783677572,225665150,robot_0,-4.183,3.204
1783677572,425911496,robot_0,-4.156,3.221
1783677572,645330045,robot_0,-4.130,3.233
1783677572,865128106,robot_0,-4.097,3.242
1783677573,65269688,robot_0,-4.043,3.254
1783677573,265771667,robot_0,-3.988,3.264
1783677573,485486960,robot_0,-3.927,3.275
1783677573,685562726,robot_0,-3.872,3.286
1783677573,885871867,robot_0,-3.817,3.296
1783677574,105877528,robot_0,-3.756,3.307
1783677574,325774023,robot_0,-3.696,3.319
1783677574,544945856,robot_0,-3.635,3.330
1783677574,745668762,robot_0,-3.580,3.340
1783677574,945919505,robot_0,-3.525,3.351
1783677575,166002450,robot_0,-3.465,3.362
1783677575,385503841,robot_0,-3.404,3.373
1783677575,585612072,robot_0,-3.349,3.384
1783677575,805704886,robot_0,-3.289,3.395
1783677576,25638388,robot_0,-3.228,3.406
1783677576,225920011,robot_0,-3.173,3.417
1783677576,445685949,robot_0,-3.112,3.428
1783677576,665168585,robot_0,-3.052,3.439
1783677576,865299564,robot_0,-2.997,3.450
1783677577,65470255,robot_0,-2.942,3.460
1783677577,265647681,robot_0,-2.887,3.470
1783677577,485121010,robot_0,-2.826,3.482
1783677577,685503514,robot_0,-2.771,3.492
1783677577,905299120,robot_0,-2.711,3.504
1783677578,105562577,robot_0,-2.656,3.514
1783677578,305592756,robot_0,-2.601,3.524
1783677578,525335337,robot_0,-2.540,3.536
1783677578,725994507,robot_0,-2.485,3.546
1783677578,945400598,robot_0,-2.424,3.557
1783677579,145709952,robot_0,-2.369,3.568
1783677579,365331723,robot_0,-2.309,3.579
1783677579,585133555,robot_0,-2.248,3.590
1783677579,785747958,robot_0,-2.193,3.601
1783677580,5460327,robot_0,-2.133,3.612
1783677580,225426179,robot_0,-2.072,3.623
1783677580,445846485,robot_0,-2.012,3.635
1783677580,645872921,robot_0,-1.957,3.645
1783677580,845920490,robot_0,-1.902,3.655
1783677581,65432220,robot_0,-1.841,3.667
1783677581,265495964,robot_0,-1.786,3.677
1783677581,485550733,robot_0,-1.725,3.688
1783677581,705201746,robot_0,-1.665,3.700
1783677581,905391775,robot_0,-1.610,3.710
1783677582,125412624,robot_0,-1.549,3.721
1783677582,325558642,robot_0,-1.494,3.732
1783677582,545142261,robot_0,-1.434,3.743
1783677582,745728170,robot_0,-1.379,3.754
1783677582,965368417,robot_0,-1.318,3.765
1783677583,165648965,robot_0,-1.263,3.775
1783677583,385097007,robot_0,-1.218,3.784
1783677583,585140408,robot_0,-1.187,3.791
1783677583,785406947,robot_0,-1.184,3.791
1783677583,985439082,robot_0,-1.184,3.791
1783677584,205591706,robot_0,-1.184,3.791
1783677584,425390625,robot_0,-1.184,3.791
1783677584,645230940,robot_0,-1.184,3.792
1783677584,845732382,robot_0,-1.184,3.792
1783677585,65418453,robot_0,-1.184,3.792
1783677585,265724035,robot_0,-1.184,3.792
1783677585,485665776,robot_0,-1.184,3.792
1783677585,685805491,robot_0,-1.184,3.793
1783677585,905298975,robot_0,-1.184,3.793
1783677586,105675285,robot_0,-1.183,3.793
1783677586,325304057,robot_0,-1.183,3.793
1783677586,545293166,robot_0,-1.183,3.793
1783677586,745710290,robot_0,-1.180,3.788
1783677586,946229594,robot_0,-1.165,3.760
1783677587,165340090,robot_0,-1.155,3.736
1783677587,385439358,robot_0,-1.150,3.708
1783677587,585592855,robot_0,-1.146,3.676
1783677587,785691263,robot_0,-1.147,3.657
1783677588,5316529,robot_0,-1.154,3.596
1783677588,225210269,robot_0,-1.161,3.535
1783677588,425339855,robot_0,-1.168,3.479
1783677588,625428599,robot_0,-1.175,3.423
1783677588,825938876,robot_0,-1.181,3.368
1783677589,45270459,robot_0,-1.189,3.307
1783677589,245284443,robot_0,-1.196,3.251
1783677589,465485471,robot_0,-1.203,3.190
1783677589,685189859,robot_0,-1.210,3.129
1783677589,885209265,robot_0,-1.217,3.073
1783677590,85586573,robot_0,-1.224,3.018
1783677590,305708107,robot_0,-1.231,2.956
1783677590,525142070,robot_0,-1.239,2.895
1783677590,725557300,robot_0,-1.245,2.840
1783677590,925852013,robot_0,-1.252,2.784
1783677591,145337840,robot_0,-1.259,2.723
1783677591,345458129,robot_0,-1.266,2.667
1783677591,565247586,robot_0,-1.274,2.606
1783677591,765450096,robot_0,-1.280,2.551
1783677591,985016015,robot_0,-1.288,2.489
1783677592,185245575,robot_0,-1.294,2.434
1783677592,385344916,robot_0,-1.301,2.378
1783677592,585665859,robot_0,-1.308,2.323
1783677592,805553170,robot_0,-1.314,2.275
1783677593,5708196,robot_0,-1.316,2.243
1783677593,205952062,robot_0,-1.316,2.225
1783677593,425274060,robot_0,-1.310,2.192
1783677593,625786709,robot_0,-1.302,2.164
1783677593,845384276,robot_0,-1.293,2.144
1783677594,65366231,robot_0,-1.275,2.114
1783677594,265439399,robot_0,-1.264,2.100
1783677594,485380107,robot_0,-1.222,2.056
1783677594,705059216,robot_0,-1.179,2.013
1783677594,905593725,robot_0,-1.139,1.973
1783677595,124994721,robot_0,-1.096,1.929
1783677595,325354363,robot_0,-1.057,1.889
1783677595,525502355,robot_0,-1.017,1.849
1783677595,745745130,robot_0,-0.974,1.805
1783677595,965730099,robot_0,-0.931,1.762
1783677596,185317990,robot_0,-0.887,1.718
1783677596,385325491,robot_0,-0.848,1.678
1783677596,585536271,robot_0,-0.809,1.638
1783677596,805521247,robot_0,-0.766,1.594
1783677597,25231787,robot_0,-0.722,1.550
1783677597,225386705,robot_0,-0.683,1.510
1783677597,445096224,robot_0,-0.640,1.467
1783677597,645483799,robot_0,-0.600,1.427
1783677597,845814149,robot_0,-0.561,1.387
1783677598,65313826,robot_0,-0.518,1.343
1783677598,265469696,robot_0,-0.478,1.303
1783677598,484961620,robot_0,-0.435,1.259
1783677598,685189986,robot_0,-0.396,1.220
1783677598,885362095,robot_0,-0.356,1.180
1783677599,85440614,robot_0,-0.317,1.140
1783677599,305209562,robot_0,-0.274,1.096
1783677599,505708679,robot_0,-0.234,1.056
1783677599,725705915,robot_0,-0.191,1.012
1783677599,944894587,robot_0,-0.148,0.968
1783677600,145668384,robot_0,-0.109,0.929
1783677600,365912470,robot_0,-0.065,0.885
1783677600,585336115,robot_0,-0.022,0.841
1783677600,785531791,robot_0,0.017,0.801
1783677601,5422496,robot_0,0.061,0.757
1783677601,205413151,robot_0,0.100,0.717
1783677601,405492427,robot_0,0.139,0.678
1783677601,605615535,robot_0,0.179,0.638
1783677601,805739930,robot_0,0.218,0.598
1783677602,25823084,robot_0,0.261,0.554
1783677602,244793287,robot_0,0.305,0.510
1783677602,445313838,robot_0,0.344,0.470
1783677602,645485779,robot_0,0.383,0.430
1783677602,845530039,robot_0,0.423,0.391
1783677603,45564723,robot_0,0.462,0.351
1783677603,245750146,robot_0,0.501,0.311
1783677603,465039229,robot_0,0.545,0.267
1783677603,665421939,robot_0,0.584,0.227
1783677603,885473250,robot_0,0.627,0.183
1783677604,85743560,robot_0,0.666,0.143
1783677604,305382675,robot_0,0.710,0.100
1783677604,525217223,robot_0,0.753,0.056
1783677604,725335320,robot_0,0.792,0.016
1783677604,945211687,robot_0,0.836,-0.028
1783677605,165183283,robot_0,0.879,-0.072
1783677605,384954972,robot_0,0.922,-0.116
1783677605,584966648,robot_0,0.962,-0.155
1783677605,785579111,robot_0,1.001,-0.195
1783677605,985686905,robot_0,1.040,-0.235
1783677606,185700899,robot_0,1.080,-0.275
1783677606,385840545,robot_0,1.119,-0.315
1783677606,605297358,robot_0,1.162,-0.359
1783677606,824716200,robot_0,1.194,-0.391
1783677607,26092127,robot_0,1.216,-0.416
1783677607,244917495,robot_0,1.227,-0.431
1783677607,444940324,robot_0,1.241,-0.460
1783677607,645740477,robot_0,1.251,-0.484
1783677607,865173778,robot_0,1.259,-0.520
1783677608,84957728,robot_0,1.270,-0.581
1783677608,284979236,robot_0,1.280,-0.636
1783677608,485061443,robot_0,1.290,-0.691
1783677608,704844356,robot_0,1.301,-0.752
1783677608,905347558,robot_0,1.311,-0.807
1783677609,124948742,robot_0,1.322,-0.868
1783677609,325155336,robot_0,1.332,-0.923
1783677609,545211792,robot_0,1.343,-0.983
1783677609,745376741,robot_0,1.353,-1.038
1783677609,964800910,robot_0,1.364,-1.099
1783677610,165817242,robot_0,1.374,-1.154
1783677610,365883406,robot_0,1.384,-1.209
1783677610,566405901,robot_0,1.394,-1.264
1783677610,785943433,robot_0,1.405,-1.325
1783677610,985975778,robot_0,1.414,-1.380
1783677611,205599864,robot_0,1.425,-1.441
1783677611,425117275,robot_0,1.436,-1.501
1783677611,625345540,robot_0,1.446,-1.557
1783677611,845148595,robot_0,1.457,-1.617
1783677612,45255013,robot_0,1.467,-1.672
1783677612,245561202,robot_0,1.477,-1.727
1783677612,446344599,robot_0,1.487,-1.782
1783677612,665056248,robot_0,1.498,-1.843
1783677612,865257075,robot_0,1.508,-1.898
1783677613,85320482,robot_0,1.519,-1.959
1783677613,304910249,robot_0,1.530,-2.019
1783677613,505397716,robot_0,1.540,-2.075
1783677613,705461977,robot_0,1.550,-2.130
1783677613,925207027,robot_0,1.561,-2.190
1783677614,146110536,robot_0,1.572,-2.251
1783677614,364859784,robot_0,1.583,-2.312
1783677614,565308542,robot_0,1.592,-2.367
1783677614,785307169,robot_0,1.603,-2.427
1783677615,5073467,robot_0,1.614,-2.488
1783677615,225397800,robot_0,1.625,-2.549
1783677615,444984131,robot_0,1.636,-2.609
1783677615,645171098,robot_0,1.646,-2.664
1783677615,845598900,robot_0,1.656,-2.719
1783677616,64710586,robot_0,1.667,-2.780
1783677616,265609722,robot_0,1.677,-2.835
1783677616,485140839,robot_0,1.688,-2.896
1783677616,704968183,robot_0,1.699,-2.956
1783677616,905459515,robot_0,1.709,-3.011
1783677617,124926551,robot_0,1.720,-3.072
1783677617,325326696,robot_0,1.730,-3.127
1783677617,525903356,robot_0,1.740,-3.182
1783677617,745058117,robot_0,1.751,-3.243
1783677617,945244598,robot_0,1.760,-3.298
1783677618,145256728,robot_0,1.770,-3.353
1783677618,364893363,robot_0,1.781,-3.414
1783677618,564979170,robot_0,1.791,-3.469
1783677618,784953266,robot_0,1.802,-3.529
1783677618,985293172,robot_0,1.812,-3.585
1783677619,204945025,robot_0,1.823,-3.645
1783677619,405177631,robot_0,1.833,-3.700
1783677619,624935157,robot_0,1.844,-3.761
1783677619,825069826,robot_0,1.854,-3.816
1783677620,25086207,robot_0,1.864,-3.871
1783677620,225252760,robot_0,1.874,-3.926
1783677620,445302669,robot_0,1.885,-3.987
1783677620,645324450,robot_0,1.895,-4.042
1783677620,864919455,robot_0,1.905,-4.101
1783677621,85099372,robot_0,1.916,-4.159
1783677621,285435953,robot_0,1.925,-4.212
1783677621,504811893,robot_0,1.928,-4.224
1783677621,705132557,robot_0,1.928,-4.224
1783677621,905148817,robot_0,1.928,-4.224
1783677622,125002782,robot_0,1.928,-4.224
1783677622,325028565,robot_0,1.929,-4.225
1783677622,525084967,robot_0,1.929,-4.225
1783677622,725133941,robot_0,1.929,-4.225
1783677622,945045353,robot_0,1.929,-4.225
1783677623,165350183,robot_0,1.929,-4.225
1783677623,385202291,robot_0,1.929,-4.225
1783677623,605114013,robot_0,1.930,-4.226
1783677623,825195837,robot_0,1.912,-4.233
1783677624,44874962,robot_0,1.878,-4.243
1783677624,245172959,robot_0,1.862,-4.245
1783677624,445233352,robot_0,1.830,-4.247
1783677624,645617317,robot_0,1.805,-4.245
1783677624,865093708,robot_0,1.780,-4.240
1783677625,85094662,robot_0,1.747,-4.228
1783677625,304957956,robot_0,1.728,-4.218
1783677625,505154355,robot_0,1.682,-4.188
1783677625,725163514,robot_0,1.632,-4.152
1783677625,945181530,robot_0,1.582,-4.117
1783677626,145333608,robot_0,1.536,-4.084
1783677626,345392548,robot_0,1.495,-4.055
1783677626,564897273,robot_0,1.451,-4.024
1783677626,765350777,robot_0,1.414,-3.997
1783677626,984944523,robot_0,1.388,-3.978
1783677627,185118088,robot_0,1.376,-3.967
1783677627,385177128,robot_0,1.358,-3.944
1783677627,605244014,robot_0,1.340,-3.916
1783677627,825260542,robot_0,1.337,-3.912
1783677628,45167330,robot_0,1.327,-3.878
1783677628,264766426,robot_0,1.321,-3.844
1783677628,484982926,robot_0,1.319,-3.808
1783677628,704929077,robot_0,1.320,-3.788
1783677628,905031150,robot_0,1.330,-3.741
1783677629,125275194,robot_0,1.345,-3.681
1783677629,345051306,robot_0,1.359,-3.621
1783677629,545454020,robot_0,1.373,-3.567
1783677629,764974046,robot_0,1.387,-3.507
1783677629,984958953,robot_0,1.402,-3.447
1783677630,185055915,robot_0,1.415,-3.393
1783677630,385094817,robot_0,1.428,-3.338
1783677630,604819574,robot_0,1.443,-3.278
1783677630,804981342,robot_0,1.456,-3.224
1783677631,5165999,robot_0,1.469,-3.170
1783677631,225024718,robot_0,1.484,-3.110
1783677631,425134801,robot_0,1.497,-3.055
1783677631,645475183,robot_0,1.511,-2.995
1783677631,864764770,robot_0,1.526,-2.936
1783677632,65005535,robot_0,1.539,-2.881
1783677632,284981949,robot_0,1.554,-2.821
1783677632,505063637,robot_0,1.568,-2.761
1783677632,705076568,robot_0,1.581,-2.707
1783677632,924896861,robot_0,1.596,-2.647
1783677633,125216048,robot_0,1.609,-2.593
1783677633,345326146,robot_0,1.624,-2.533
1783677633,564912291,robot_0,1.638,-2.473
1783677633,784707800,robot_0,1.653,-2.413
1783677633,985002953,robot_0,1.666,-2.359
1783677634,185067679,robot_0,1.679,-2.304
1783677634,405000416,robot_0,1.694,-2.244
1783677634,625078706,robot_0,1.708,-2.185
1783677634,845016275,robot_0,1.723,-2.125
1783677635,45148123,robot_0,1.736,-2.070
1783677635,245209439,robot_0,1.749,-2.016
1783677635,465060533,robot_0,1.764,-1.956
1783677635,665667986,robot_0,1.777,-1.902
1783677635,884890458,robot_0,1.792,-1.842
1783677636,85126013,robot_0,1.805,-1.787
1783677636,305117867,robot_0,1.819,-1.727
1783677636,525103625,robot_0,1.834,-1.668
1783677636,725195106,robot_0,1.847,-1.613
1783677636,945233371,robot_0,1.862,-1.553
1783677637,165582749,robot_0,1.876,-1.493
1783677637,384819336,robot_0,1.891,-1.434
1783677637,585304576,robot_0,1.904,-1.379
1783677637,804892671,robot_0,1.916,-1.328
1783677638,5016858,robot_0,1.926,-1.287
1783677638,205169110,robot_0,1.938,-1.240
1783677638,424836331,robot_0,1.939,-1.232
1783677638,625128260,robot_0,1.939,-1.232
1783677638,844811829,robot_0,1.939,-1.232
1783677639,45159071,robot_0,1.939,-1.232
1783677639,245587298,robot_0,1.939,-1.232
1783677639,465162012,robot_0,1.939,-1.232
1783677639,665578754,robot_0,1.938,-1.231
1783677639,885078425,robot_0,1.938,-1.231
1783677640,85089119,robot_0,1.938,-1.231
1783677640,285144714,robot_0,1.938,-1.231
1783677640,504902988,robot_0,1.938,-1.231
1783677640,705375472,robot_0,1.938,-1.230
1783677640,924883676,robot_0,1.957,-1.233
1783677641,144562481,robot_0,1.991,-1.242
1783677641,345009369,robot_0,2.021,-1.253
1783677641,545188474,robot_0,2.049,-1.268
1783677641,745311132,robot_0,2.063,-1.277
1783677641,965011092,robot_0,2.089,-1.301
1783677642,165631909,robot_0,2.104,-1.317
1783677642,385007399,robot_0,2.128,-1.354
1783677642,605305509,robot_0,2.160,-1.407
1783677642,824675117,robot_0,2.192,-1.459
1783677643,24978689,robot_0,2.221,-1.507
1783677643,225012797,robot_0,2.250,-1.555
1783677643,425102595,robot_0,2.278,-1.603
1783677643,645702903,robot_0,2.310,-1.656
1783677643,864921297,robot_0,2.342,-1.708
1783677644,84996150,robot_0,2.374,-1.761
1783677644,285175816,robot_0,2.403,-1.809
1783677644,505103012,robot_0,2.435,-1.862
1783677644,724894771,robot_0,2.467,-1.915
1783677644,925050222,robot_0,2.496,-1.962
1783677645,125157159,robot_0,2.525,-2.010
1783677645,325260694,robot_0,2.554,-2.058
1783677645,544874853,robot_0,2.586,-2.111
1783677645,745106642,robot_0,2.615,-2.159
1783677645,945192315,robot_0,2.644,-2.207
1783677646,145368715,robot_0,2.673,-2.255
1783677646,365184299,robot_0,2.704,-2.307
1783677646,585149880,robot_0,2.736,-2.360
1783677646,805071769,robot_0,2.768,-2.413
1783677647,25220730,robot_0,2.800,-2.466
1783677647,245919373,robot_0,2.830,-2.515
1783677647,465121725,robot_0,2.853,-2.554
1783677647,665966540,robot_0,2.878,-2.594
1783677647,885074321,robot_0,2.887,-2.609
1783677648,85359282,robot_0,2.887,-2.609
1783677648,285636804,robot_0,2.887,-2.609
1783677648,505328512,robot_0,2.887,-2.609
1783677648,725284488,robot_0,2.888,-2.609
1783677648,945177422,robot_0,2.888,-2.609
1783677649,145374710,robot_0,2.888,-2.609
1783677649,365350032,robot_0,2.888,-2.609
1783677649,565393670,robot_0,2.889,-2.609
1783677649,784958773,robot_0,2.889,-2.610
1783677649,984985990,robot_0,2.871,-2.632
1783677650,205026280,robot_0,2.846,-2.657
1783677650,424824524,robot_0,2.819,-2.679
1783677650,644933896,robot_0,2.794,-2.694
1783677650,865356242,robot_0,2.763,-2.706
1783677651,85403423,robot_0,2.704,-2.724
1783677651,285529780,robot_0,2.650,-2.740
1783677651,505009176,robot_0,2.591,-2.758
1783677651,705131945,robot_0,2.538,-2.774
1783677651,905270633,robot_0,2.484,-2.789
1783677652,125043789,robot_0,2.425,-2.807
1783677652,344838377,robot_0,2.366,-2.824
1783677652,545163868,robot_0,2.312,-2.840
1783677652,764895725,robot_0,2.253,-2.858
1783677652,965574592,robot_0,2.199,-2.874
1783677653,165624089,robot_0,2.146,-2.889
1783677653,385465120,robot_0,2.086,-2.907
1783677653,605496855,robot_0,2.027,-2.924
1783677653,825058216,robot_0,1.968,-2.942
1783677654,25143295,robot_0,1.915,-2.958
1783677654,244944317,robot_0,1.856,-2.975
1783677654,465953855,robot_0,1.796,-2.993
1783677654,685258659,robot_0,1.737,-3.010
1783677654,904902744,robot_0,1.678,-3.027
1783677655,105302410,robot_0,1.625,-3.043
1783677655,324873547,robot_0,1.566,-3.061
1783677655,545281150,robot_0,1.506,-3.078
1783677655,765018579,robot_0,1.447,-3.096
1783677655,965093316,robot_0,1.394,-3.112
1783677656,165387236,robot_0,1.340,-3.127
1783677656,384734880,robot_0,1.285,-3.144
1783677656,585190751,robot_0,1.234,-3.159
1783677656,804836794,robot_0,1.196,-3.170
1783677657,5037359,robot_0,1.196,-3.170
1783677657,225131816,robot_0,1.197,-3.170
1783677657,445392712,robot_0,1.197,-3.170
1783677657,665849411,robot_0,1.197,-3.170
1783677657,885355307,robot_0,1.196,-3.171
1783677658,105027558,robot_0,1.196,-3.171
1783677658,305115803,robot_0,1.182,-3.163
1783677658,524710319,robot_0,1.153,-3.144
1783677658,724802140,robot_0,1.140,-3.134
1783677658,925295450,robot_0,1.119,-3.111
1783677659,144865445,robot_0,1.101,-3.088
1783677659,345443742,robot_0,1.091,-3.068
1783677659,565162807,robot_0,1.078,-3.035
1783677659,785312814,robot_0,1.074,-3.016
1783677660,5110273,robot_0,1.067,-2.957
1783677660,225053774,robot_0,1.062,-2.895
1783677660,445193374,robot_0,1.057,-2.834
1783677660,665408556,robot_0,1.052,-2.773
1783677660,884900602,robot_0,1.047,-2.711
1783677661,104920618,robot_0,1.043,-2.650
1783677661,305036363,robot_0,1.038,-2.594
1783677661,505190458,robot_0,1.034,-2.538
1783677661,724895967,robot_0,1.029,-2.477
1783677661,924919299,robot_0,1.025,-2.421
1783677662,125157841,robot_0,1.020,-2.365
1783677662,325342423,robot_0,1.016,-2.309
1783677662,545168207,robot_0,1.011,-2.248
1783677662,765867678,robot_0,1.006,-2.186
1783677662,966003845,robot_0,1.002,-2.131
1783677663,184902706,robot_0,0.997,-2.069
1783677663,384992238,robot_0,0.993,-2.013
1783677663,605217512,robot_0,0.988,-1.952
1783677663,805230027,robot_0,0.984,-1.896
1783677664,5308874,robot_0,0.979,-1.840
1783677664,224999240,robot_0,0.975,-1.779
1783677664,445143673,robot_0,0.970,-1.717
1783677664,665680448,robot_0,0.965,-1.656
1783677664,884956221,robot_0,0.960,-1.595
1783677665,85619944,robot_0,0.956,-1.539
1783677665,305450118,robot_0,0.951,-1.477
1783677665,525120425,robot_0,0.946,-1.416
1783677665,725269279,robot_0,0.942,-1.360
1783677665,925332316,robot_0,0.937,-1.304
1783677666,145096626,robot_0,0.933,-1.243
1783677666,345498911,robot_0,0.928,-1.187
1783677666,565544369,robot_0,0.923,-1.126
1783677666,784906067,robot_0,0.919,-1.064
1783677666,986166671,robot_0,0.914,-1.008
1783677667,204847988,robot_0,0.909,-0.947
1783677667,405121839,robot_0,0.905,-0.891
1783677667,605727869,robot_0,0.901,-0.835
1783677667,825419155,robot_0,0.896,-0.774
1783677668,45005296,robot_0,0.891,-0.712
1783677668,265145873,robot_0,0.886,-0.651
1783677668,465364706,robot_0,0.882,-0.595
1783677668,665853670,robot_0,0.878,-0.539
1783677668,885045776,robot_0,0.873,-0.478
1783677669,85236096,robot_0,0.868,-0.422
1783677669,285653698,robot_0,0.864,-0.366
1783677669,505396402,robot_0,0.859,-0.305
1783677669,705830496,robot_0,0.855,-0.249
1783677669,925041897,robot_0,0.850,-0.188
1783677670,144901381,robot_0,0.845,-0.126
1783677670,365148220,robot_0,0.840,-0.065
1783677670,565879717,robot_0,0.836,-0.009
1783677670,785483094,robot_0,0.831,0.052
1783677670,985558576,robot_0,0.827,0.108
1783677671,205175725,robot_0,0.822,0.170
1783677671,405209836,robot_0,0.818,0.225
1783677671,625200435,robot_0,0.813,0.287
1783677671,844867371,robot_0,0.808,0.348
1783677672,45031258,robot_0,0.804,0.404
1783677672,265198914,robot_0,0.799,0.466
1783677672,484973559,robot_0,0.794,0.527
1783677672,704883731,robot_0,0.789,0.588
1783677672,905083126,robot_0,0.785,0.644
1783677673,105160115,robot_0,0.781,0.700
1783677673,324822503,robot_0,0.776,0.761
1783677673,525609680,robot_0,0.771,0.817
1783677673,745124921,robot_0,0.767,0.879
1783677673,945306776,robot_0,0.762,0.934
1783677674,165501020,robot_0,0.757,0.996
1783677674,385153896,robot_0,0.753,1.057
1783677674,585287728,robot_0,0.748,1.113
1783677674,805313612,robot_0,0.743,1.175
1783677675,5806228,robot_0,0.739,1.230
1783677675,206497184,robot_0,0.735,1.286
1783677675,425239347,robot_0,0.730,1.348
1783677675,645005507,robot_0,0.725,1.409
1783677675,845230961,robot_0,0.721,1.465
1783677676,45272347,robot_0,0.716,1.521
1783677676,265336189,robot_0,0.712,1.582
1783677676,484834480,robot_0,0.707,1.644
1783677676,685127290,robot_0,0.702,1.699
1783677676,885244755,robot_0,0.698,1.755
1783677677,105067288,robot_0,0.693,1.817
1783677677,305412567,robot_0,0.689,1.872
1783677677,505575974,robot_0,0.685,1.928
1783677677,725391383,robot_0,0.680,1.990
1783677677,945247246,robot_0,0.675,2.051
1783677678,165420299,robot_0,0.670,2.112
1783677678,385167800,robot_0,0.667,2.151
1783677678,585263778,robot_0,0.665,2.183
1783677678,785348586,robot_0,0.662,2.221
1783677679,4822194,robot_0,0.662,2.221
1783677679,205172989,robot_0,0.661,2.221
1783677679,425121862,robot_0,0.661,2.221
1783677679,644976994,robot_0,0.661,2.221
1783677679,845101137,robot_0,0.670,2.242
1783677680,65221043,robot_0,0.687,2.272
1783677680,265467220,robot_0,0.697,2.285
1783677680,465548297,robot_0,0.719,2.308
1783677680,665924756,robot_0,0.736,2.323
1783677680,885157971,robot_0,0.761,2.338
1783677681,85705081,robot_0,0.789,2.352
1783677681,305141689,robot_0,0.794,2.354
1783677681,524951308,robot_0,0.846,2.363
1783677681,725069870,robot_0,0.902,2.373
1783677681,925285493,robot_0,0.957,2.382
1783677682,125880304,robot_0,1.012,2.391
1783677682,345521764,robot_0,1.073,2.400
1783677682,545530758,robot_0,1.128,2.410
1783677682,745713936,robot_0,1.183,2.419
1783677682,964916643,robot_0,1.244,2.428
1783677683,165671912,robot_0,1.299,2.438
1783677683,385005869,robot_0,1.360,2.447
1783677683,585081768,robot_0,1.416,2.456
1783677683,785097009,robot_0,1.471,2.466
1783677684,5072191,robot_0,1.532,2.475
1783677684,225467675,robot_0,1.592,2.485
1783677684,445097771,robot_0,1.653,2.495
1783677684,645367754,robot_0,1.708,2.504
1783677684,845370767,robot_0,1.764,2.513
1783677685,65050581,robot_0,1.824,2.523
1783677685,265179210,robot_0,1.880,2.532
1783677685,465422511,robot_0,1.935,2.541
1783677685,665725021,robot_0,1.990,2.550
1783677685,885658592,robot_0,2.051,2.560
1783677686,85779432,robot_0,2.106,2.569
1783677686,285817558,robot_0,2.162,2.578
1783677686,505592878,robot_0,2.222,2.588
1783677686,725464182,robot_0,2.283,2.598
1783677686,944706687,robot_0,2.344,2.608
1783677687,144745953,robot_0,2.399,2.617
1783677687,345073246,robot_0,2.455,2.626
1783677687,545739879,robot_0,2.510,2.635
1783677687,765577368,robot_0,2.571,2.645
1783677687,985082656,robot_0,2.631,2.655
1783677688,185200271,robot_0,2.687,2.664
1783677688,385338171,robot_0,2.742,2.673
1783677688,586036270,robot_0,2.797,2.682
1783677688,805300270,robot_0,2.858,2.692
1783677689,25011627,robot_0,2.919,2.702
1783677689,225275562,robot_0,2.974,2.711
1783677689,425311185,robot_0,3.029,2.720
1783677689,644766949,robot_0,3.090,2.730
1783677689,845045577,robot_0,3.145,2.739
1783677690,45221485,robot_0,3.201,2.748
1783677690,265433249,robot_0,3.261,2.758
1783677690,485323589,robot_0,3.300,2.764
1783677690,685431109,robot_0,3.332,2.766
1783677690,904883798,robot_0,3.367,2.765
1783677691,105652413,robot_0,3.397,2.760
1783677691,325393645,robot_0,3.402,2.759
