wall_time,source,target,decision,skip_reason,warning_zone,distance_m,confidence,raw_detection,raw_message
1783526618.610801,robot_2,robot_0,skipped,distance_above_warning_threshold,CORNER,1.215160,,global_pose,"bearing_deg=41.581,zone_reason=front_sector"
1783526618.710712,robot_2,robot_0,skipped,distance_above_warning_threshold,CORNER,1.179173,,global_pose,"bearing_deg=44.701,zone_reason=front_sector"
1783526618.810739,robot_2,robot_0,skipped,distance_above_warning_threshold,CORNER,1.149070,,global_pose,"bearing_deg=48.095,zone_reason=front_sector"
1783526618.910735,robot_2,robot_0,skipped,distance_above_warning_threshold,LEFT,1.131887,,global_pose,"bearing_deg=52.029,zone_reason=side_sector"
1783526619.010724,robot_2,robot_0,skipped,distance_above_warning_threshold,LEFT,1.117052,,global_pose,"bearing_deg=54.323,zone_reason=side_sector"
1783526619.110736,robot_2,robot_0,skipped,distance_above_warning_threshold,LEFT,1.083747,,global_pose,"bearing_deg=55.513,zone_reason=side_sector"
1783526619.211203,robot_2,robot_0,skipped,distance_above_warning_threshold,LEFT,1.047385,,global_pose,"bearing_deg=56.268,zone_reason=side_sector"
1783526619.310791,robot_2,robot_0,skipped,distance_above_warning_threshold,LEFT,1.015076,,global_pose,"bearing_deg=56.692,zone_reason=side_sector"
1783526619.410913,robot_2,robot_0,sent,,LEFT,0.990165,,global_pose,"bearing_deg=56.491,zone_reason=side_sector"
1783526619.510827,robot_2,robot_0,sent,,LEFT,0.964097,,global_pose,"bearing_deg=55.641,zone_reason=side_sector"
1783526619.610767,robot_2,robot_0,sent,,LEFT,0.932022,,global_pose,"bearing_deg=53.883,zone_reason=side_sector"
1783526619.710749,robot_2,robot_0,sent,,LEFT,0.899397,,global_pose,"bearing_deg=51.245,zone_reason=side_sector"
1783526619.810941,robot_2,robot_0,sent,,CORNER,0.865950,,global_pose,"bearing_deg=48.608,zone_reason=front_sector"
1783526619.910779,robot_2,robot_0,sent,,CORNER,0.842186,,global_pose,"bearing_deg=46.236,zone_reason=front_sector"
1783526620.010858,robot_2,robot_0,sent,,CORNER,0.817396,,global_pose,"bearing_deg=43.849,zone_reason=front_sector"
1783526620.111604,robot_2,robot_0,sent,,CORNER,0.781649,,global_pose,"bearing_deg=41.198,zone_reason=front_sector"
1783526620.210816,robot_2,robot_0,sent,,CORNER,0.745170,,global_pose,"bearing_deg=38.534,zone_reason=front_sector"
1783526620.310781,robot_2,robot_0,sent,,CORNER,0.707994,,global_pose,"bearing_deg=35.853,zone_reason=front_sector"
1783526620.410771,robot_2,robot_0,sent,,CORNER,0.680853,,global_pose,"bearing_deg=33.432,zone_reason=front_sector"
1783526620.510772,robot_2,robot_0,sent,,CORNER,0.652804,,global_pose,"bearing_deg=31.681,zone_reason=front_sector"
1783526620.610780,robot_2,robot_0,sent,,CORNER,0.610453,,global_pose,"bearing_deg=31.107,zone_reason=front_sector"
1783526620.710840,robot_2,robot_0,sent,,CORNER,0.596216,,global_pose,"bearing_deg=29.902,zone_reason=front_sector"
1783526620.810780,robot_2,robot_0,sent,,CORNER,0.582366,,global_pose,"bearing_deg=32.765,zone_reason=front_sector"
1783526620.910802,robot_2,robot_0,sent,,CORNER,0.578547,,global_pose,"bearing_deg=35.555,zone_reason=front_sector"
1783526621.010812,robot_2,robot_0,sent,,CORNER,0.578099,,global_pose,"bearing_deg=35.361,zone_reason=front_sector"
1783526621.110783,robot_2,robot_0,sent,,CORNER,0.575682,,global_pose,"bearing_deg=33.897,zone_reason=front_sector"
1783526621.210782,robot_2,robot_0,sent,,CORNER,0.572128,,global_pose,"bearing_deg=32.173,zone_reason=front_sector"
1783526621.310794,robot_2,robot_0,sent,,CORNER,0.567732,,global_pose,"bearing_deg=30.405,zone_reason=front_sector"
1783526621.410900,robot_2,robot_0,sent,,CORNER,0.565236,,global_pose,"bearing_deg=29.491,zone_reason=front_sector"
1783526621.510807,robot_2,robot_0,sent,,CORNER,0.556191,,global_pose,"bearing_deg=26.772,zone_reason=front_sector"
1783526621.610876,robot_2,robot_0,sent,,CORNER,0.537217,,global_pose,"bearing_deg=21.921,zone_reason=critical_distance"
1783526621.710814,robot_2,robot_0,sent,,CORNER,0.532438,,global_pose,"bearing_deg=20.480,zone_reason=critical_distance"
1783526621.810863,robot_2,robot_0,sent,,CORNER,0.523721,,global_pose,"bearing_deg=17.703,zone_reason=critical_distance"
1783526621.910878,robot_2,robot_0,sent,,CORNER,0.519735,,global_pose,"bearing_deg=16.228,zone_reason=critical_distance"
1783526622.010797,robot_2,robot_0,sent,,CORNER,0.514924,,global_pose,"bearing_deg=14.232,zone_reason=critical_distance"
1783526622.110858,robot_2,robot_0,sent,,CORNER,0.507968,,global_pose,"bearing_deg=10.667,zone_reason=critical_distance"
1783526622.210780,robot_2,robot_0,sent,,CORNER,0.503443,,global_pose,"bearing_deg=7.393,zone_reason=critical_distance"
1783526622.311663,robot_2,robot_0,sent,,CORNER,0.501004,,global_pose,"bearing_deg=4.690,zone_reason=critical_distance"
1783526622.410824,robot_2,robot_0,sent,,CORNER,0.502423,,global_pose,"bearing_deg=3.971,zone_reason=critical_distance"
1783526622.510786,robot_2,robot_0,sent,,CORNER,0.509952,,global_pose,"bearing_deg=3.914,zone_reason=critical_distance"
1783526622.610880,robot_2,robot_0,sent,,CORNER,0.517395,,global_pose,"bearing_deg=3.897,zone_reason=critical_distance"
1783526622.710778,robot_2,robot_0,sent,,CORNER,0.524735,,global_pose,"bearing_deg=3.928,zone_reason=critical_distance"
1783526622.811378,robot_2,robot_0,sent,,CORNER,0.531388,,global_pose,"bearing_deg=3.958,zone_reason=critical_distance"
1783526622.910849,robot_2,robot_0,sent,,CORNER,0.538571,,global_pose,"bearing_deg=4.075,zone_reason=critical_distance"
1783526623.010923,robot_2,robot_0,sent,,CORNER,0.545694,,global_pose,"bearing_deg=4.278,zone_reason=critical_distance"
1783526623.110864,robot_2,robot_0,sent,,CORNER,0.552845,,global_pose,"bearing_deg=4.540,zone_reason=front_sector"
1783526623.211354,robot_2,robot_0,sent,,CORNER,0.558993,,global_pose,"bearing_deg=5.724,zone_reason=front_sector"
1783526623.310886,robot_2,robot_0,sent,,CORNER,0.564674,,global_pose,"bearing_deg=8.690,zone_reason=front_sector"
1783526623.410878,robot_2,robot_0,sent,,CORNER,0.571333,,global_pose,"bearing_deg=13.155,zone_reason=front_sector"
1783526623.511254,robot_2,robot_0,sent,,CORNER,0.576495,,global_pose,"bearing_deg=18.065,zone_reason=front_sector"
1783526623.611059,robot_2,robot_0,sent,,CORNER,0.579541,,global_pose,"bearing_deg=23.054,zone_reason=front_sector"
1783526623.710767,robot_2,robot_0,sent,,CORNER,0.580285,,global_pose,"bearing_deg=27.983,zone_reason=front_sector"
1783526623.810761,robot_2,robot_0,sent,,CORNER,0.581593,,global_pose,"bearing_deg=30.992,zone_reason=front_sector"
1783526623.910740,robot_2,robot_0,sent,,CORNER,0.587020,,global_pose,"bearing_deg=32.317,zone_reason=front_sector"
1783526624.010868,robot_2,robot_0,sent,,CORNER,0.583994,,global_pose,"bearing_deg=31.624,zone_reason=front_sector"
1783526624.110870,robot_2,robot_0,sent,,CORNER,0.571867,,global_pose,"bearing_deg=28.576,zone_reason=front_sector"
1783526624.210783,robot_2,robot_0,sent,,CORNER,0.560780,,global_pose,"bearing_deg=26.997,zone_reason=front_sector"
1783526624.310768,robot_2,robot_0,sent,,CORNER,0.549606,,global_pose,"bearing_deg=24.621,zone_reason=critical_distance"
1783526624.411231,robot_2,robot_0,sent,,CORNER,0.546000,,global_pose,"bearing_deg=23.773,zone_reason=critical_distance"
1783526624.510784,robot_2,robot_0,sent,,CORNER,0.542886,,global_pose,"bearing_deg=23.013,zone_reason=critical_distance"
1783526624.611312,robot_2,robot_0,sent,,CORNER,0.530184,,global_pose,"bearing_deg=19.559,zone_reason=critical_distance"
1783526624.710744,robot_2,robot_0,sent,,CORNER,0.517198,,global_pose,"bearing_deg=15.053,zone_reason=critical_distance"
1783526624.810760,robot_2,robot_0,sent,,CORNER,0.506820,,global_pose,"bearing_deg=9.888,zone_reason=critical_distance"
1783526624.910842,robot_2,robot_0,sent,,CORNER,0.502424,,global_pose,"bearing_deg=6.435,zone_reason=critical_distance"
1783526625.010766,robot_2,robot_0,sent,,CORNER,0.503478,,global_pose,"bearing_deg=6.339,zone_reason=critical_distance"
1783526625.110783,robot_2,robot_0,sent,,CORNER,0.507149,,global_pose,"bearing_deg=6.335,zone_reason=critical_distance"
1783526625.210769,robot_2,robot_0,sent,,CORNER,0.513393,,global_pose,"bearing_deg=6.355,zone_reason=critical_distance"
1783526625.311319,robot_2,robot_0,sent,,CORNER,0.521833,,global_pose,"bearing_deg=7.025,zone_reason=critical_distance"
1783526625.410797,robot_2,robot_0,sent,,CORNER,0.533477,,global_pose,"bearing_deg=8.956,zone_reason=critical_distance"
1783526625.511540,robot_2,robot_0,sent,,CORNER,0.544456,,global_pose,"bearing_deg=11.387,zone_reason=critical_distance"
1783526625.611757,robot_2,robot_0,sent,,CORNER,0.561722,,global_pose,"bearing_deg=15.304,zone_reason=front_sector"
1783526625.710775,robot_2,robot_0,sent,,CORNER,0.575817,,global_pose,"bearing_deg=18.328,zone_reason=front_sector"
1783526625.810792,robot_2,robot_0,sent,,CORNER,0.588311,,global_pose,"bearing_deg=22.405,zone_reason=front_sector"
1783526625.910850,robot_2,robot_0,sent,,CORNER,0.601078,,global_pose,"bearing_deg=26.755,zone_reason=front_sector"
1783526626.010942,robot_2,robot_0,sent,,CORNER,0.605878,,global_pose,"bearing_deg=32.859,zone_reason=front_sector"
1783526626.110957,robot_2,robot_0,sent,,CORNER,0.603036,,global_pose,"bearing_deg=39.229,zone_reason=front_sector"
1783526626.210898,robot_2,robot_0,sent,,CORNER,0.595156,,global_pose,"bearing_deg=45.246,zone_reason=front_sector"
1783526626.310803,robot_2,robot_0,sent,,LEFT,0.583107,,global_pose,"bearing_deg=50.818,zone_reason=side_sector"
1783526626.410858,robot_2,robot_0,sent,,LEFT,0.576271,,global_pose,"bearing_deg=54.888,zone_reason=side_sector"
1783526626.510820,robot_2,robot_0,sent,,LEFT,0.561696,,global_pose,"bearing_deg=58.571,zone_reason=side_sector"
1783526626.610808,robot_2,robot_0,sent,,LEFT,0.550459,,global_pose,"bearing_deg=62.673,zone_reason=side_sector"
1783526626.710961,robot_2,robot_0,sent,,CORNER,0.546754,,global_pose,"bearing_deg=67.448,zone_reason=critical_distance"
1783526626.810855,robot_2,robot_0,sent,,CORNER,0.541344,,global_pose,"bearing_deg=71.911,zone_reason=critical_distance"
1783526626.911113,robot_2,robot_0,sent,,CORNER,0.540995,,global_pose,"bearing_deg=75.933,zone_reason=critical_distance"
1783526627.010818,robot_2,robot_0,sent,,CORNER,0.541527,,global_pose,"bearing_deg=79.619,zone_reason=critical_distance"
1783526627.110864,robot_2,robot_0,sent,,CORNER,0.542884,,global_pose,"bearing_deg=83.587,zone_reason=critical_distance"
1783526627.210756,robot_2,robot_0,sent,,CORNER,0.546025,,global_pose,"bearing_deg=87.372,zone_reason=critical_distance"
1783526627.310957,robot_2,robot_0,sent,,LEFT,0.550551,,global_pose,"bearing_deg=90.961,zone_reason=side_sector"
1783526627.411457,robot_2,robot_0,sent,,LEFT,0.556120,,global_pose,"bearing_deg=94.804,zone_reason=side_sector"
1783526627.511295,robot_2,robot_0,sent,,LEFT,0.558882,,global_pose,"bearing_deg=97.040,zone_reason=side_sector"
1783526627.610743,robot_2,robot_0,sent,,LEFT,0.557669,,global_pose,"bearing_deg=96.922,zone_reason=side_sector"
1783526627.710783,robot_2,robot_0,sent,,LEFT,0.553008,,global_pose,"bearing_deg=95.579,zone_reason=side_sector"
1783526627.811229,robot_2,robot_0,sent,,CORNER,0.546584,,global_pose,"bearing_deg=93.741,zone_reason=critical_distance"
1783526627.910783,robot_2,robot_0,sent,,CORNER,0.544643,,global_pose,"bearing_deg=92.626,zone_reason=critical_distance"
1783526628.010773,robot_2,robot_0,sent,,CORNER,0.536434,,global_pose,"bearing_deg=91.731,zone_reason=critical_distance"
1783526628.110771,robot_2,robot_0,sent,,CORNER,0.523401,,global_pose,"bearing_deg=89.827,zone_reason=critical_distance"
1783526628.210746,robot_2,robot_0,sent,,CORNER,0.513660,,global_pose,"bearing_deg=87.922,zone_reason=critical_distance"
1783526628.310866,robot_2,robot_0,sent,,CORNER,0.503198,,global_pose,"bearing_deg=86.257,zone_reason=critical_distance"
1783526628.410809,robot_2,robot_0,sent,,CORNER,0.496869,,global_pose,"bearing_deg=85.579,zone_reason=critical_distance"
1783526628.510865,robot_2,robot_0,sent,,CORNER,0.485540,,global_pose,"bearing_deg=85.171,zone_reason=critical_distance"
1783526628.610805,robot_2,robot_0,sent,,CORNER,0.476958,,global_pose,"bearing_deg=84.738,zone_reason=critical_distance"
1783526628.710858,robot_2,robot_0,sent,,CORNER,0.480614,,global_pose,"bearing_deg=84.662,zone_reason=critical_distance"
1783526628.810800,robot_2,robot_0,sent,,CORNER,0.480518,,global_pose,"bearing_deg=84.651,zone_reason=critical_distance"
1783526628.910853,robot_2,robot_0,sent,,CORNER,0.478267,,global_pose,"bearing_deg=84.922,zone_reason=critical_distance"
1783526629.010790,robot_2,robot_0,sent,,CORNER,0.485572,,global_pose,"bearing_deg=86.528,zone_reason=critical_distance"
1783526629.110878,robot_2,robot_0,sent,,CORNER,0.502103,,global_pose,"bearing_deg=89.636,zone_reason=critical_distance"
1783526629.210814,robot_2,robot_0,sent,,CORNER,0.522471,,global_pose,"bearing_deg=93.947,zone_reason=critical_distance"
1783526629.310842,robot_2,robot_0,sent,,CORNER,0.546979,,global_pose,"bearing_deg=99.296,zone_reason=critical_distance"
1783526629.410794,robot_2,robot_0,sent,,LEFT,0.572406,,global_pose,"bearing_deg=104.632,zone_reason=side_sector"
1783526629.510775,robot_2,robot_0,sent,,LEFT,0.593391,,global_pose,"bearing_deg=109.089,zone_reason=side_sector"
1783526629.610870,robot_2,robot_0,sent,,LEFT,0.604726,,global_pose,"bearing_deg=112.273,zone_reason=side_sector"
1783526629.710852,robot_2,robot_0,sent,,LEFT,0.612605,,global_pose,"bearing_deg=115.405,zone_reason=side_sector"
1783526629.811230,robot_2,robot_0,sent,,LEFT,0.617229,,global_pose,"bearing_deg=118.677,zone_reason=side_sector"
1783526629.910848,robot_2,robot_0,sent,,LEFT,0.618772,,global_pose,"bearing_deg=122.129,zone_reason=side_sector"
1783526630.010817,robot_2,robot_0,sent,,LEFT,0.618218,,global_pose,"bearing_deg=125.678,zone_reason=side_sector"
1783526630.110761,robot_2,robot_0,sent,,LEFT,0.615701,,global_pose,"bearing_deg=129.302,zone_reason=side_sector"
1783526630.210764,robot_2,robot_0,sent,,LEFT,0.612566,,global_pose,"bearing_deg=133.325,zone_reason=side_sector"
1783526630.310826,robot_2,robot_0,sent,,LEFT,0.617708,,global_pose,"bearing_deg=136.827,zone_reason=side_sector"
1783526630.410886,robot_2,robot_0,sent,,LEFT,0.630766,,global_pose,"bearing_deg=140.547,zone_reason=side_sector"
1783526630.510842,robot_2,robot_0,sent,,LEFT,0.643148,,global_pose,"bearing_deg=143.045,zone_reason=side_sector"
1783526630.611408,robot_2,robot_0,sent,,LEFT,0.648255,,global_pose,"bearing_deg=143.369,zone_reason=side_sector"
1783526630.710772,robot_2,robot_0,sent,,LEFT,0.653584,,global_pose,"bearing_deg=142.182,zone_reason=side_sector"
1783526630.810779,robot_2,robot_0,sent,,LEFT,0.653511,,global_pose,"bearing_deg=140.422,zone_reason=side_sector"
1783526630.910823,robot_2,robot_0,sent,,LEFT,0.658040,,global_pose,"bearing_deg=140.442,zone_reason=side_sector"
1783526631.010764,robot_2,robot_0,sent,,LEFT,0.661847,,global_pose,"bearing_deg=140.411,zone_reason=side_sector"
1783526631.110783,robot_2,robot_0,sent,,LEFT,0.655401,,global_pose,"bearing_deg=139.084,zone_reason=side_sector"
1783526631.210772,robot_2,robot_0,sent,,LEFT,0.652300,,global_pose,"bearing_deg=137.909,zone_reason=side_sector"
1783526631.310774,robot_2,robot_0,sent,,LEFT,0.651091,,global_pose,"bearing_deg=136.740,zone_reason=side_sector"
1783526631.410829,robot_2,robot_0,sent,,LEFT,0.651400,,global_pose,"bearing_deg=135.517,zone_reason=side_sector"
1783526631.511150,robot_2,robot_0,sent,,LEFT,0.653314,,global_pose,"bearing_deg=134.252,zone_reason=side_sector"
1783526631.610869,robot_2,robot_0,sent,,LEFT,0.654914,,global_pose,"bearing_deg=133.467,zone_reason=side_sector"
1783526631.710858,robot_2,robot_0,sent,,LEFT,0.658156,,global_pose,"bearing_deg=134.167,zone_reason=side_sector"
1783526631.810872,robot_2,robot_0,sent,,LEFT,0.663551,,global_pose,"bearing_deg=135.482,zone_reason=side_sector"
1783526631.910871,robot_2,robot_0,sent,,LEFT,0.671254,,global_pose,"bearing_deg=136.784,zone_reason=side_sector"
1783526632.010858,robot_2,robot_0,sent,,LEFT,0.681301,,global_pose,"bearing_deg=138.091,zone_reason=side_sector"
1783526632.110771,robot_2,robot_0,sent,,LEFT,0.693564,,global_pose,"bearing_deg=139.501,zone_reason=side_sector"
1783526632.210762,robot_2,robot_0,sent,,LEFT,0.708080,,global_pose,"bearing_deg=140.922,zone_reason=side_sector"
1783526632.310818,robot_2,robot_0,sent,,LEFT,0.724340,,global_pose,"bearing_deg=142.385,zone_reason=side_sector"
1783526632.410836,robot_2,robot_0,sent,,LEFT,0.741762,,global_pose,"bearing_deg=143.882,zone_reason=side_sector"
1783526632.510838,robot_2,robot_0,sent,,LEFT,0.756835,,global_pose,"bearing_deg=146.127,zone_reason=side_sector"
1783526632.610901,robot_2,robot_0,sent,,LEFT,0.770464,,global_pose,"bearing_deg=148.778,zone_reason=side_sector"
1783526632.710834,robot_2,robot_0,sent,,LEFT,0.784451,,global_pose,"bearing_deg=151.399,zone_reason=side_sector"
1783526632.810906,robot_2,robot_0,sent,,LEFT,0.798775,,global_pose,"bearing_deg=153.990,zone_reason=side_sector"
1783526632.910809,robot_2,robot_0,sent,,LEFT,0.814165,,global_pose,"bearing_deg=156.403,zone_reason=side_sector"
1783526633.011576,robot_2,robot_0,sent,,LEFT,0.839161,,global_pose,"bearing_deg=158.539,zone_reason=side_sector"
1783526633.110756,robot_2,robot_0,sent,,LEFT,0.872094,,global_pose,"bearing_deg=159.119,zone_reason=side_sector"
1783526633.210787,robot_2,robot_0,sent,,LEFT,0.905190,,global_pose,"bearing_deg=159.039,zone_reason=side_sector"
1783526633.310741,robot_2,robot_0,sent,,LEFT,0.937982,,global_pose,"bearing_deg=159.017,zone_reason=side_sector"
1783526633.410870,robot_2,robot_0,sent,,LEFT,0.973011,,global_pose,"bearing_deg=159.052,zone_reason=side_sector"
1783526633.510822,robot_2,robot_0,skipped,distance_above_warning_threshold,LEFT,1.008316,,global_pose,"bearing_deg=159.091,zone_reason=side_sector"
1783526633.610769,robot_2,robot_0,skipped,distance_above_warning_threshold,LEFT,1.043621,,global_pose,"bearing_deg=159.128,zone_reason=side_sector"
1783526633.710801,robot_2,robot_0,skipped,distance_above_warning_threshold,LEFT,1.082031,,global_pose,"bearing_deg=158.709,zone_reason=side_sector"
1783526633.810820,robot_2,robot_0,skipped,distance_above_warning_threshold,LEFT,1.111607,,global_pose,"bearing_deg=157.901,zone_reason=side_sector"
1783526633.910787,robot_2,robot_0,skipped,distance_above_warning_threshold,LEFT,1.131413,,global_pose,"bearing_deg=156.921,zone_reason=side_sector"
1783526634.010744,robot_2,robot_0,skipped,distance_above_warning_threshold,LEFT,1.151538,,global_pose,"bearing_deg=155.976,zone_reason=side_sector"
1783526634.110723,robot_2,robot_0,skipped,distance_above_warning_threshold,LEFT,1.170033,,global_pose,"bearing_deg=155.278,zone_reason=side_sector"
1783526634.210777,robot_2,robot_0,skipped,distance_above_warning_threshold,LEFT,1.187951,,global_pose,"bearing_deg=153.943,zone_reason=side_sector"
1783526634.310803,robot_2,robot_0,skipped,distance_above_warning_threshold,LEFT,1.205915,,global_pose,"bearing_deg=151.086,zone_reason=side_sector"
1783526634.410719,robot_2,robot_0,skipped,distance_above_warning_threshold,LEFT,1.223856,,global_pose,"bearing_deg=147.554,zone_reason=side_sector"
1783526634.510868,robot_2,robot_0,skipped,distance_above_warning_threshold,LEFT,1.240876,,global_pose,"bearing_deg=144.133,zone_reason=side_sector"
1783526679.410779,robot_2,robot_3,skipped,distance_above_warning_threshold,LEFT,1.244718,,global_pose,"bearing_deg=50.538,zone_reason=side_sector"
1783526679.510724,robot_2,robot_3,skipped,distance_above_warning_threshold,LEFT,1.206722,,global_pose,"bearing_deg=55.190,zone_reason=side_sector"
1783526679.610691,robot_2,robot_3,skipped,distance_above_warning_threshold,LEFT,1.170283,,global_pose,"bearing_deg=59.949,zone_reason=side_sector"
1783526679.710751,robot_2,robot_3,skipped,distance_above_warning_threshold,LEFT,1.135476,,global_pose,"bearing_deg=64.748,zone_reason=side_sector"
1783526679.810676,robot_2,robot_3,skipped,distance_above_warning_threshold,LEFT,1.097209,,global_pose,"bearing_deg=69.591,zone_reason=side_sector"
1783526679.911372,robot_2,robot_3,skipped,distance_above_warning_threshold,LEFT,1.057136,,global_pose,"bearing_deg=74.488,zone_reason=side_sector"
1783526680.011065,robot_2,robot_3,skipped,distance_above_warning_threshold,LEFT,1.018939,,global_pose,"bearing_deg=79.467,zone_reason=side_sector"
1783526680.110868,robot_2,robot_3,sent,,LEFT,0.983184,,global_pose,"bearing_deg=84.565,zone_reason=side_sector"
1783526680.210845,robot_2,robot_3,sent,,LEFT,0.952143,,global_pose,"bearing_deg=89.499,zone_reason=side_sector"
1783526680.310830,robot_2,robot_3,sent,,LEFT,0.925405,,global_pose,"bearing_deg=93.084,zone_reason=side_sector"
1783526680.410779,robot_2,robot_3,sent,,LEFT,0.900743,,global_pose,"bearing_deg=95.334,zone_reason=side_sector"
1783526680.510782,robot_2,robot_3,sent,,LEFT,0.878526,,global_pose,"bearing_deg=97.281,zone_reason=side_sector"
1783526680.510834,robot_2,robot_0,skipped,distance_above_warning_threshold,CORNER,1.239128,,global_pose,"bearing_deg=14.477,zone_reason=front_sector"
1783526680.610760,robot_2,robot_3,sent,,LEFT,0.857536,,global_pose,"bearing_deg=99.184,zone_reason=side_sector"
1783526680.610807,robot_2,robot_0,skipped,distance_above_warning_threshold,CORNER,1.207750,,global_pose,"bearing_deg=15.888,zone_reason=front_sector"
1783526680.710773,robot_2,robot_3,sent,,LEFT,0.838152,,global_pose,"bearing_deg=101.233,zone_reason=side_sector"
1783526680.710826,robot_2,robot_0,skipped,distance_above_warning_threshold,CORNER,1.186494,,global_pose,"bearing_deg=17.275,zone_reason=front_sector"
1783526680.810842,robot_2,robot_3,sent,,LEFT,0.820733,,global_pose,"bearing_deg=103.464,zone_reason=side_sector"
1783526680.810886,robot_2,robot_0,skipped,distance_above_warning_threshold,CORNER,1.167441,,global_pose,"bearing_deg=18.728,zone_reason=front_sector"
1783526680.910892,robot_2,robot_3,sent,,LEFT,0.804963,,global_pose,"bearing_deg=105.910,zone_reason=side_sector"
1783526680.910938,robot_2,robot_0,skipped,distance_above_warning_threshold,CORNER,1.150589,,global_pose,"bearing_deg=20.278,zone_reason=front_sector"
1783526681.010859,robot_2,robot_3,sent,,LEFT,0.790158,,global_pose,"bearing_deg=108.191,zone_reason=side_sector"
1783526681.010928,robot_2,robot_0,skipped,distance_above_warning_threshold,CORNER,1.127792,,global_pose,"bearing_deg=22.050,zone_reason=front_sector"
1783526681.110759,robot_2,robot_3,sent,,LEFT,0.777412,,global_pose,"bearing_deg=110.551,zone_reason=side_sector"
1783526681.110857,robot_2,robot_0,skipped,distance_above_warning_threshold,CORNER,1.103895,,global_pose,"bearing_deg=23.974,zone_reason=front_sector"
1783526681.210839,robot_2,robot_3,sent,,LEFT,0.767234,,global_pose,"bearing_deg=113.046,zone_reason=side_sector"
1783526681.210919,robot_2,robot_0,skipped,distance_above_warning_threshold,CORNER,1.082734,,global_pose,"bearing_deg=25.970,zone_reason=front_sector"
1783526681.310858,robot_2,robot_3,sent,,LEFT,0.762358,,global_pose,"bearing_deg=115.244,zone_reason=side_sector"
1783526681.310899,robot_2,robot_0,skipped,distance_above_warning_threshold,CORNER,1.062673,,global_pose,"bearing_deg=27.715,zone_reason=front_sector"
1783526681.410787,robot_2,robot_3,sent,,LEFT,0.757926,,global_pose,"bearing_deg=116.535,zone_reason=side_sector"
1783526681.410842,robot_2,robot_0,skipped,distance_above_warning_threshold,CORNER,1.044692,,global_pose,"bearing_deg=29.164,zone_reason=front_sector"
1783526681.510843,robot_2,robot_3,sent,,LEFT,0.758160,,global_pose,"bearing_deg=118.369,zone_reason=side_sector"
1783526681.510909,robot_2,robot_0,skipped,distance_above_warning_threshold,CORNER,1.028253,,global_pose,"bearing_deg=30.641,zone_reason=front_sector"
1783526681.610851,robot_2,robot_3,sent,,LEFT,0.767668,,global_pose,"bearing_deg=121.241,zone_reason=side_sector"
1783526681.610923,robot_2,robot_0,skipped,distance_above_warning_threshold,CORNER,1.012809,,global_pose,"bearing_deg=32.158,zone_reason=front_sector"
1783526681.710934,robot_2,robot_3,sent,,LEFT,0.778415,,global_pose,"bearing_deg=124.382,zone_reason=side_sector"
1783526681.710984,robot_2,robot_0,skipped,distance_above_warning_threshold,CORNER,1.000273,,global_pose,"bearing_deg=33.951,zone_reason=front_sector"
1783526681.810880,robot_2,robot_3,sent,,LEFT,0.791329,,global_pose,"bearing_deg=127.493,zone_reason=side_sector"
1783526681.810966,robot_2,robot_0,sent,,CORNER,0.985631,,global_pose,"bearing_deg=36.687,zone_reason=front_sector"
1783526681.910912,robot_2,robot_3,sent,,LEFT,0.799239,,global_pose,"bearing_deg=129.882,zone_reason=side_sector"
1783526681.911066,robot_2,robot_0,sent,,CORNER,0.972356,,global_pose,"bearing_deg=40.858,zone_reason=front_sector"
1783526682.010816,robot_2,robot_3,sent,,LEFT,0.806832,,global_pose,"bearing_deg=132.089,zone_reason=side_sector"
1783526682.010924,robot_2,robot_0,sent,,CORNER,0.962698,,global_pose,"bearing_deg=45.744,zone_reason=front_sector"
1783526682.110797,robot_2,robot_3,sent,,LEFT,0.820169,,global_pose,"bearing_deg=132.047,zone_reason=side_sector"
1783526682.110887,robot_2,robot_0,sent,,LEFT,0.960314,,global_pose,"bearing_deg=50.350,zone_reason=side_sector"
1783526682.210745,robot_2,robot_3,sent,,LEFT,0.845441,,global_pose,"bearing_deg=133.343,zone_reason=side_sector"
1783526682.210847,robot_2,robot_0,sent,,LEFT,0.970942,,global_pose,"bearing_deg=55.961,zone_reason=side_sector"
1783526682.310876,robot_2,robot_3,sent,,LEFT,0.873514,,global_pose,"bearing_deg=134.873,zone_reason=side_sector"
1783526682.311032,robot_2,robot_0,sent,,LEFT,0.989764,,global_pose,"bearing_deg=61.624,zone_reason=side_sector"
1783526682.410761,robot_2,robot_3,sent,,LEFT,0.891199,,global_pose,"bearing_deg=136.012,zone_reason=side_sector"
1783526682.410813,robot_2,robot_0,skipped,distance_above_warning_threshold,LEFT,1.007626,,global_pose,"bearing_deg=66.660,zone_reason=side_sector"
1783526682.510927,robot_2,robot_3,sent,,LEFT,0.903305,,global_pose,"bearing_deg=137.567,zone_reason=side_sector"
1783526682.510976,robot_2,robot_0,skipped,distance_above_warning_threshold,LEFT,1.016204,,global_pose,"bearing_deg=69.866,zone_reason=side_sector"
1783526682.611418,robot_2,robot_3,sent,,LEFT,0.925633,,global_pose,"bearing_deg=139.736,zone_reason=side_sector"
1783526682.611472,robot_2,robot_0,skipped,distance_above_warning_threshold,LEFT,1.021363,,global_pose,"bearing_deg=71.863,zone_reason=side_sector"
1783526682.710913,robot_2,robot_3,sent,,LEFT,0.948552,,global_pose,"bearing_deg=141.813,zone_reason=side_sector"
1783526682.710989,robot_2,robot_0,skipped,distance_above_warning_threshold,LEFT,1.026873,,global_pose,"bearing_deg=73.672,zone_reason=side_sector"
1783526682.810970,robot_2,robot_3,sent,,LEFT,0.971753,,global_pose,"bearing_deg=143.798,zone_reason=side_sector"
1783526682.811023,robot_2,robot_0,skipped,distance_above_warning_threshold,LEFT,1.033961,,global_pose,"bearing_deg=75.237,zone_reason=side_sector"
1783526682.911031,robot_2,robot_3,sent,,LEFT,0.985773,,global_pose,"bearing_deg=145.325,zone_reason=side_sector"
1783526682.911101,robot_2,robot_0,skipped,distance_above_warning_threshold,LEFT,1.043628,,global_pose,"bearing_deg=76.233,zone_reason=side_sector"
1783526683.010783,robot_2,robot_3,sent,,LEFT,0.996168,,global_pose,"bearing_deg=147.426,zone_reason=side_sector"
1783526683.010835,robot_2,robot_0,skipped,distance_above_warning_threshold,LEFT,1.051899,,global_pose,"bearing_deg=77.472,zone_reason=side_sector"
1783526683.110771,robot_2,robot_3,skipped,distance_above_warning_threshold,LEFT,1.011104,,global_pose,"bearing_deg=151.078,zone_reason=side_sector"
1783526683.110827,robot_2,robot_0,skipped,distance_above_warning_threshold,LEFT,1.058732,,global_pose,"bearing_deg=79.032,zone_reason=side_sector"
1783526683.210767,robot_2,robot_3,skipped,distance_above_warning_threshold,LEFT,1.025931,,global_pose,"bearing_deg=154.940,zone_reason=side_sector"
1783526683.210809,robot_2,robot_0,skipped,distance_above_warning_threshold,LEFT,1.065021,,global_pose,"bearing_deg=80.765,zone_reason=side_sector"
1783526683.310796,robot_2,robot_3,skipped,distance_above_warning_threshold,LEFT,1.040659,,global_pose,"bearing_deg=158.717,zone_reason=side_sector"
1783526683.310865,robot_2,robot_0,skipped,distance_above_warning_threshold,LEFT,1.071367,,global_pose,"bearing_deg=82.533,zone_reason=side_sector"
1783526683.410754,robot_2,robot_3,skipped,distance_above_warning_threshold,LEFT,1.055201,,global_pose,"bearing_deg=162.407,zone_reason=side_sector"
1783526683.410824,robot_2,robot_0,skipped,distance_above_warning_threshold,LEFT,1.077853,,global_pose,"bearing_deg=84.309,zone_reason=side_sector"
1783526683.510803,robot_2,robot_3,skipped,distance_above_warning_threshold,LEFT,1.069461,,global_pose,"bearing_deg=166.011,zone_reason=side_sector"
1783526683.510892,robot_2,robot_0,skipped,distance_above_warning_threshold,LEFT,1.084476,,global_pose,"bearing_deg=86.093,zone_reason=side_sector"
1783526683.610763,robot_2,robot_3,skipped,distance_above_warning_threshold,LEFT,1.083345,,global_pose,"bearing_deg=169.529,zone_reason=side_sector"
1783526683.610834,robot_2,robot_0,skipped,distance_above_warning_threshold,LEFT,1.091074,,global_pose,"bearing_deg=88.121,zone_reason=side_sector"
1783526683.710718,robot_2,robot_3,skipped,distance_above_warning_threshold,LEFT,1.096768,,global_pose,"bearing_deg=172.961,zone_reason=side_sector"
1783526683.710759,robot_2,robot_0,skipped,distance_above_warning_threshold,LEFT,1.098110,,global_pose,"bearing_deg=90.196,zone_reason=side_sector"
1783526683.811066,robot_2,robot_3,skipped,distance_above_warning_threshold,LEFT,1.107119,,global_pose,"bearing_deg=175.645,zone_reason=side_sector"
1783526683.811152,robot_2,robot_0,skipped,distance_above_warning_threshold,LEFT,1.104095,,global_pose,"bearing_deg=91.853,zone_reason=side_sector"
1783526683.910735,robot_2,robot_3,skipped,distance_above_warning_threshold,LEFT,1.119320,,global_pose,"bearing_deg=179.896,zone_reason=side_sector"
1783526683.910784,robot_2,robot_0,skipped,distance_above_warning_threshold,LEFT,1.116286,,global_pose,"bearing_deg=94.656,zone_reason=side_sector"
1783526684.010706,robot_2,robot_3,skipped,distance_above_warning_threshold,RIGHT,1.127406,,global_pose,"bearing_deg=-177.157,zone_reason=side_sector"
1783526684.010754,robot_2,robot_0,skipped,distance_above_warning_threshold,LEFT,1.129916,,global_pose,"bearing_deg=97.506,zone_reason=side_sector"
1783526684.110727,robot_2,robot_3,skipped,distance_above_warning_threshold,RIGHT,1.135351,,global_pose,"bearing_deg=-175.693,zone_reason=side_sector"
1783526684.110775,robot_2,robot_0,skipped,distance_above_warning_threshold,LEFT,1.146060,,global_pose,"bearing_deg=100.407,zone_reason=side_sector"
1783526684.210785,robot_2,robot_3,skipped,distance_above_warning_threshold,RIGHT,1.143566,,global_pose,"bearing_deg=-174.543,zone_reason=side_sector"
1783526684.210831,robot_2,robot_0,skipped,distance_above_warning_threshold,LEFT,1.164879,,global_pose,"bearing_deg=103.225,zone_reason=side_sector"
1783526684.312628,robot_2,robot_3,skipped,distance_above_warning_threshold,RIGHT,1.154224,,global_pose,"bearing_deg=-173.677,zone_reason=side_sector"
1783526684.312676,robot_2,robot_0,skipped,distance_above_warning_threshold,LEFT,1.183491,,global_pose,"bearing_deg=105.711,zone_reason=side_sector"
1783526684.410721,robot_2,robot_3,skipped,distance_above_warning_threshold,RIGHT,1.155035,,global_pose,"bearing_deg=-172.825,zone_reason=side_sector"
1783526684.410770,robot_2,robot_0,skipped,distance_above_warning_threshold,LEFT,1.200485,,global_pose,"bearing_deg=107.613,zone_reason=side_sector"
1783526684.510759,robot_2,robot_3,skipped,distance_above_warning_threshold,RIGHT,1.157595,,global_pose,"bearing_deg=-171.985,zone_reason=side_sector"
1783526684.510831,robot_2,robot_0,skipped,distance_above_warning_threshold,LEFT,1.216920,,global_pose,"bearing_deg=109.212,zone_reason=side_sector"
1783526684.610754,robot_2,robot_3,skipped,distance_above_warning_threshold,RIGHT,1.164676,,global_pose,"bearing_deg=-171.181,zone_reason=side_sector"
1783526684.610824,robot_2,robot_0,skipped,distance_above_warning_threshold,LEFT,1.234279,,global_pose,"bearing_deg=110.768,zone_reason=side_sector"
1783526684.710777,robot_2,robot_3,skipped,distance_above_warning_threshold,RIGHT,1.169043,,global_pose,"bearing_deg=-169.928,zone_reason=side_sector"
1783526684.810755,robot_2,robot_3,skipped,distance_above_warning_threshold,RIGHT,1.179532,,global_pose,"bearing_deg=-168.501,zone_reason=side_sector"
1783526684.910718,robot_2,robot_3,skipped,distance_above_warning_threshold,RIGHT,1.182009,,global_pose,"bearing_deg=-167.002,zone_reason=side_sector"
1783526685.010707,robot_2,robot_3,skipped,distance_above_warning_threshold,RIGHT,1.184870,,global_pose,"bearing_deg=-165.506,zone_reason=side_sector"
1783526685.110753,robot_2,robot_3,skipped,distance_above_warning_threshold,RIGHT,1.201310,,global_pose,"bearing_deg=-164.519,zone_reason=side_sector"
1783526685.210676,robot_2,robot_3,skipped,distance_above_warning_threshold,RIGHT,1.218898,,global_pose,"bearing_deg=-163.674,zone_reason=side_sector"
1783526685.310754,robot_2,robot_3,skipped,distance_above_warning_threshold,RIGHT,1.237578,,global_pose,"bearing_deg=-162.848,zone_reason=side_sector"
1783526685.410767,robot_2,robot_3,skipped,distance_above_warning_threshold,RIGHT,1.247019,,global_pose,"bearing_deg=-161.882,zone_reason=side_sector"
1783526758.610680,robot_2,robot_0,skipped,distance_above_warning_threshold,LEFT,1.243903,,global_pose,"bearing_deg=158.358,zone_reason=side_sector"
1783526758.710984,robot_2,robot_0,skipped,distance_above_warning_threshold,LEFT,1.213331,,global_pose,"bearing_deg=154.055,zone_reason=side_sector"
1783526758.810844,robot_2,robot_0,skipped,distance_above_warning_threshold,LEFT,1.181426,,global_pose,"bearing_deg=149.753,zone_reason=side_sector"
1783526758.910735,robot_2,robot_0,skipped,distance_above_warning_threshold,LEFT,1.149533,,global_pose,"bearing_deg=145.451,zone_reason=side_sector"
1783526759.010857,robot_2,robot_0,skipped,distance_above_warning_threshold,LEFT,1.117650,,global_pose,"bearing_deg=141.150,zone_reason=side_sector"
1783526759.110732,robot_2,robot_0,skipped,distance_above_warning_threshold,LEFT,1.096894,,global_pose,"bearing_deg=136.846,zone_reason=side_sector"
1783526759.210744,robot_2,robot_0,skipped,distance_above_warning_threshold,LEFT,1.086208,,global_pose,"bearing_deg=132.538,zone_reason=side_sector"
1783526759.310735,robot_2,robot_0,skipped,distance_above_warning_threshold,LEFT,1.075530,,global_pose,"bearing_deg=128.231,zone_reason=side_sector"
1783526759.410971,robot_2,robot_0,skipped,distance_above_warning_threshold,LEFT,1.066994,,global_pose,"bearing_deg=124.786,zone_reason=side_sector"
1783526759.510725,robot_2,robot_0,skipped,distance_above_warning_threshold,LEFT,1.045722,,global_pose,"bearing_deg=119.622,zone_reason=side_sector"
1783526759.610731,robot_2,robot_0,skipped,distance_above_warning_threshold,LEFT,1.023113,,global_pose,"bearing_deg=115.321,zone_reason=side_sector"
1783526759.710720,robot_2,robot_0,skipped,distance_above_warning_threshold,LEFT,1.000524,,global_pose,"bearing_deg=111.716,zone_reason=side_sector"
1783526759.810785,robot_2,robot_0,sent,,LEFT,0.977914,,global_pose,"bearing_deg=109.659,zone_reason=side_sector"
1783526759.910790,robot_2,robot_0,sent,,LEFT,0.959221,,global_pose,"bearing_deg=109.130,zone_reason=side_sector"
1783526760.010881,robot_2,robot_0,sent,,LEFT,0.943793,,global_pose,"bearing_deg=109.607,zone_reason=side_sector"
1783526760.110779,robot_2,robot_0,sent,,LEFT,0.933416,,global_pose,"bearing_deg=110.957,zone_reason=side_sector"
1783526760.210846,robot_2,robot_0,sent,,LEFT,0.928542,,global_pose,"bearing_deg=113.111,zone_reason=side_sector"
1783526760.310807,robot_2,robot_0,sent,,LEFT,0.925276,,global_pose,"bearing_deg=115.354,zone_reason=side_sector"
1783526760.410908,robot_2,robot_0,sent,,LEFT,0.918675,,global_pose,"bearing_deg=117.056,zone_reason=side_sector"
1783526760.510782,robot_2,robot_0,sent,,LEFT,0.912182,,global_pose,"bearing_deg=118.709,zone_reason=side_sector"
1783526760.610787,robot_2,robot_0,sent,,LEFT,0.912666,,global_pose,"bearing_deg=121.043,zone_reason=side_sector"
1783526760.711122,robot_2,robot_0,sent,,LEFT,0.915377,,global_pose,"bearing_deg=123.428,zone_reason=side_sector"
1783526760.812525,robot_2,robot_0,sent,,LEFT,0.920477,,global_pose,"bearing_deg=125.849,zone_reason=side_sector"
1783526760.910802,robot_2,robot_0,sent,,LEFT,0.921173,,global_pose,"bearing_deg=127.737,zone_reason=side_sector"
1783526761.011066,robot_2,robot_0,sent,,LEFT,0.921739,,global_pose,"bearing_deg=129.506,zone_reason=side_sector"
1783526761.110807,robot_2,robot_0,sent,,LEFT,0.928658,,global_pose,"bearing_deg=131.626,zone_reason=side_sector"
1783526761.210799,robot_2,robot_0,sent,,LEFT,0.937333,,global_pose,"bearing_deg=133.726,zone_reason=side_sector"
1783526761.310877,robot_2,robot_0,sent,,LEFT,0.938376,,global_pose,"bearing_deg=135.948,zone_reason=side_sector"
1783526761.410889,robot_2,robot_0,sent,,LEFT,0.933970,,global_pose,"bearing_deg=137.297,zone_reason=side_sector"
1783526761.510786,robot_2,robot_0,sent,,LEFT,0.940385,,global_pose,"bearing_deg=137.761,zone_reason=side_sector"
1783526761.610803,robot_2,robot_0,sent,,LEFT,0.950469,,global_pose,"bearing_deg=138.308,zone_reason=side_sector"
1783526761.710866,robot_2,robot_0,sent,,LEFT,0.961734,,global_pose,"bearing_deg=138.900,zone_reason=side_sector"
1783526761.810798,robot_2,robot_0,sent,,LEFT,0.973218,,global_pose,"bearing_deg=139.486,zone_reason=side_sector"
1783526761.910920,robot_2,robot_0,sent,,LEFT,0.977336,,global_pose,"bearing_deg=139.691,zone_reason=side_sector"
1783526762.010910,robot_2,robot_0,sent,,LEFT,0.978797,,global_pose,"bearing_deg=140.550,zone_reason=side_sector"
1783526762.110809,robot_2,robot_0,sent,,LEFT,0.981586,,global_pose,"bearing_deg=142.050,zone_reason=side_sector"
1783526762.210796,robot_2,robot_0,sent,,LEFT,0.988587,,global_pose,"bearing_deg=142.497,zone_reason=side_sector"
1783526762.310893,robot_2,robot_0,sent,,LEFT,0.993698,,global_pose,"bearing_deg=142.042,zone_reason=side_sector"
1783526762.410814,robot_2,robot_0,skipped,distance_above_warning_threshold,LEFT,1.003325,,global_pose,"bearing_deg=140.832,zone_reason=side_sector"
1783526762.511601,robot_2,robot_0,skipped,distance_above_warning_threshold,LEFT,1.020379,,global_pose,"bearing_deg=139.429,zone_reason=side_sector"
1783526762.610805,robot_2,robot_0,skipped,distance_above_warning_threshold,LEFT,1.035516,,global_pose,"bearing_deg=137.530,zone_reason=side_sector"
1783526762.710791,robot_2,robot_0,skipped,distance_above_warning_threshold,LEFT,1.053109,,global_pose,"bearing_deg=135.560,zone_reason=side_sector"
1783526762.810722,robot_2,robot_0,skipped,distance_above_warning_threshold,LEFT,1.072088,,global_pose,"bearing_deg=133.492,zone_reason=side_sector"
1783526762.910737,robot_2,robot_0,skipped,distance_above_warning_threshold,LEFT,1.090796,,global_pose,"bearing_deg=131.421,zone_reason=side_sector"
1783526763.010786,robot_2,robot_0,skipped,distance_above_warning_threshold,LEFT,1.108825,,global_pose,"bearing_deg=129.364,zone_reason=side_sector"
1783526763.110743,robot_2,robot_0,skipped,distance_above_warning_threshold,LEFT,1.126133,,global_pose,"bearing_deg=127.325,zone_reason=side_sector"
1783526763.210705,robot_2,robot_0,skipped,distance_above_warning_threshold,LEFT,1.142705,,global_pose,"bearing_deg=125.304,zone_reason=side_sector"
1783526763.310760,robot_2,robot_0,skipped,distance_above_warning_threshold,LEFT,1.158561,,global_pose,"bearing_deg=123.302,zone_reason=side_sector"
1783526763.411353,robot_2,robot_0,skipped,distance_above_warning_threshold,LEFT,1.173710,,global_pose,"bearing_deg=121.318,zone_reason=side_sector"
1783526763.511571,robot_2,robot_0,skipped,distance_above_warning_threshold,LEFT,1.187612,,global_pose,"bearing_deg=119.082,zone_reason=side_sector"
1783526763.612096,robot_2,robot_0,skipped,distance_above_warning_threshold,LEFT,1.201030,,global_pose,"bearing_deg=118.055,zone_reason=side_sector"
1783526763.712876,robot_2,robot_0,skipped,distance_above_warning_threshold,LEFT,1.214018,,global_pose,"bearing_deg=118.573,zone_reason=side_sector"
1783526763.811771,robot_2,robot_0,skipped,distance_above_warning_threshold,LEFT,1.227143,,global_pose,"bearing_deg=120.623,zone_reason=side_sector"
1783526763.911979,robot_2,robot_0,skipped,distance_above_warning_threshold,LEFT,1.240998,,global_pose,"bearing_deg=124.186,zone_reason=side_sector"
1783526771.110719,robot_2,robot_0,skipped,distance_above_warning_threshold,LEFT,1.245220,,global_pose,"bearing_deg=120.019,zone_reason=side_sector"
1783526771.210798,robot_2,robot_0,skipped,distance_above_warning_threshold,LEFT,1.229194,,global_pose,"bearing_deg=119.723,zone_reason=side_sector"
1783526771.310945,robot_2,robot_0,skipped,distance_above_warning_threshold,LEFT,1.220211,,global_pose,"bearing_deg=119.717,zone_reason=side_sector"
1783526771.410698,robot_2,robot_0,skipped,distance_above_warning_threshold,LEFT,1.209602,,global_pose,"bearing_deg=119.442,zone_reason=side_sector"
1783526771.510759,robot_2,robot_0,skipped,distance_above_warning_threshold,LEFT,1.200006,,global_pose,"bearing_deg=119.307,zone_reason=side_sector"
1783526771.610743,robot_2,robot_0,skipped,distance_above_warning_threshold,LEFT,1.192756,,global_pose,"bearing_deg=119.458,zone_reason=side_sector"
1783526771.710753,robot_2,robot_0,skipped,distance_above_warning_threshold,LEFT,1.184804,,global_pose,"bearing_deg=119.647,zone_reason=side_sector"
1783526771.810753,robot_2,robot_0,skipped,distance_above_warning_threshold,LEFT,1.176299,,global_pose,"bearing_deg=119.883,zone_reason=side_sector"
1783526771.910728,robot_2,robot_0,skipped,distance_above_warning_threshold,LEFT,1.162211,,global_pose,"bearing_deg=119.736,zone_reason=side_sector"
1783526772.010739,robot_2,robot_0,skipped,distance_above_warning_threshold,LEFT,1.149831,,global_pose,"bearing_deg=119.823,zone_reason=side_sector"
1783526772.110736,robot_2,robot_0,skipped,distance_above_warning_threshold,LEFT,1.140905,,global_pose,"bearing_deg=120.298,zone_reason=side_sector"
1783526772.210769,robot_2,robot_0,skipped,distance_above_warning_threshold,LEFT,1.131738,,global_pose,"bearing_deg=120.833,zone_reason=side_sector"
1783526772.310797,robot_2,robot_0,skipped,distance_above_warning_threshold,LEFT,1.122421,,global_pose,"bearing_deg=121.431,zone_reason=side_sector"
1783526772.410841,robot_2,robot_0,skipped,distance_above_warning_threshold,LEFT,1.107510,,global_pose,"bearing_deg=120.889,zone_reason=side_sector"
1783526772.510723,robot_2,robot_0,skipped,distance_above_warning_threshold,LEFT,1.093382,,global_pose,"bearing_deg=118.851,zone_reason=side_sector"
1783526772.610849,robot_2,robot_0,skipped,distance_above_warning_threshold,LEFT,1.082737,,global_pose,"bearing_deg=115.862,zone_reason=side_sector"
1783526772.710760,robot_2,robot_0,skipped,distance_above_warning_threshold,LEFT,1.071462,,global_pose,"bearing_deg=112.341,zone_reason=side_sector"
1783526772.810754,robot_2,robot_0,skipped,distance_above_warning_threshold,LEFT,1.051929,,global_pose,"bearing_deg=108.999,zone_reason=side_sector"
1783526772.910836,robot_2,robot_0,skipped,distance_above_warning_threshold,LEFT,1.024311,,global_pose,"bearing_deg=105.230,zone_reason=side_sector"
1783526773.010886,robot_2,robot_0,sent,,LEFT,0.996691,,global_pose,"bearing_deg=101.689,zone_reason=side_sector"
1783526773.110904,robot_2,robot_0,sent,,LEFT,0.970463,,global_pose,"bearing_deg=98.734,zone_reason=side_sector"
1783526773.210915,robot_2,robot_0,sent,,LEFT,0.953436,,global_pose,"bearing_deg=95.699,zone_reason=side_sector"
1783526773.310775,robot_2,robot_0,sent,,LEFT,0.942250,,global_pose,"bearing_deg=92.603,zone_reason=side_sector"
1783526773.410906,robot_2,robot_0,sent,,LEFT,0.930058,,global_pose,"bearing_deg=88.877,zone_reason=side_sector"
1783526773.510835,robot_2,robot_0,sent,,LEFT,0.916985,,global_pose,"bearing_deg=85.352,zone_reason=side_sector"
1783526773.611876,robot_2,robot_0,sent,,LEFT,0.903338,,global_pose,"bearing_deg=82.433,zone_reason=side_sector"
1783526773.710823,robot_2,robot_0,sent,,LEFT,0.889273,,global_pose,"bearing_deg=79.580,zone_reason=side_sector"
1783526773.810911,robot_2,robot_0,sent,,LEFT,0.874800,,global_pose,"bearing_deg=76.791,zone_reason=side_sector"
1783526773.910840,robot_2,robot_0,sent,,LEFT,0.862353,,global_pose,"bearing_deg=73.899,zone_reason=side_sector"
1783526774.010753,robot_2,robot_0,sent,,LEFT,0.848874,,global_pose,"bearing_deg=72.811,zone_reason=side_sector"
1783526774.110795,robot_2,robot_0,sent,,LEFT,0.833010,,global_pose,"bearing_deg=74.297,zone_reason=side_sector"
1783526774.210778,robot_2,robot_0,sent,,LEFT,0.818808,,global_pose,"bearing_deg=76.549,zone_reason=side_sector"
1783526774.310826,robot_2,robot_0,sent,,LEFT,0.805778,,global_pose,"bearing_deg=79.266,zone_reason=side_sector"
1783526774.410801,robot_2,robot_0,sent,,LEFT,0.798616,,global_pose,"bearing_deg=81.560,zone_reason=side_sector"
1783526774.511088,robot_2,robot_0,sent,,LEFT,0.792438,,global_pose,"bearing_deg=84.211,zone_reason=side_sector"
1783526774.610775,robot_2,robot_0,sent,,LEFT,0.787776,,global_pose,"bearing_deg=87.254,zone_reason=side_sector"
1783526774.710874,robot_2,robot_0,sent,,LEFT,0.786343,,global_pose,"bearing_deg=89.990,zone_reason=side_sector"
1783526774.810859,robot_2,robot_0,sent,,LEFT,0.788314,,global_pose,"bearing_deg=91.676,zone_reason=side_sector"
1783526774.910901,robot_2,robot_0,sent,,LEFT,0.790404,,global_pose,"bearing_deg=91.780,zone_reason=side_sector"
1783526775.010847,robot_2,robot_0,sent,,LEFT,0.795166,,global_pose,"bearing_deg=91.939,zone_reason=side_sector"
1783526775.110845,robot_2,robot_0,sent,,LEFT,0.803171,,global_pose,"bearing_deg=92.358,zone_reason=side_sector"
1783526775.210783,robot_2,robot_0,sent,,LEFT,0.812857,,global_pose,"bearing_deg=92.684,zone_reason=side_sector"
1783526775.310875,robot_2,robot_0,sent,,LEFT,0.825996,,global_pose,"bearing_deg=93.044,zone_reason=side_sector"
1783526775.410882,robot_2,robot_0,sent,,LEFT,0.840936,,global_pose,"bearing_deg=93.287,zone_reason=side_sector"
1783526775.510851,robot_2,robot_0,sent,,LEFT,0.856946,,global_pose,"bearing_deg=93.402,zone_reason=side_sector"
1783526775.610820,robot_2,robot_0,sent,,LEFT,0.873622,,global_pose,"bearing_deg=93.410,zone_reason=side_sector"
1783526775.711124,robot_2,robot_0,sent,,LEFT,0.892620,,global_pose,"bearing_deg=93.397,zone_reason=side_sector"
1783526775.810840,robot_2,robot_0,sent,,LEFT,0.912238,,global_pose,"bearing_deg=93.292,zone_reason=side_sector"
1783526775.910829,robot_2,robot_0,sent,,LEFT,0.932169,,global_pose,"bearing_deg=93.089,zone_reason=side_sector"
1783526776.011343,robot_2,robot_0,sent,,LEFT,0.952322,,global_pose,"bearing_deg=92.795,zone_reason=side_sector"
1783526776.110785,robot_2,robot_0,sent,,LEFT,0.980644,,global_pose,"bearing_deg=91.691,zone_reason=side_sector"
1783526776.210735,robot_2,robot_0,skipped,distance_above_warning_threshold,LEFT,1.011784,,global_pose,"bearing_deg=91.523,zone_reason=side_sector"
1783526776.310776,robot_2,robot_0,skipped,distance_above_warning_threshold,LEFT,1.042913,,global_pose,"bearing_deg=92.882,zone_reason=side_sector"
1783526776.410943,robot_2,robot_0,skipped,distance_above_warning_threshold,LEFT,1.074456,,global_pose,"bearing_deg=94.565,zone_reason=side_sector"
1783526776.510709,robot_2,robot_0,skipped,distance_above_warning_threshold,LEFT,1.106554,,global_pose,"bearing_deg=96.192,zone_reason=side_sector"
1783526776.610714,robot_2,robot_0,skipped,distance_above_warning_threshold,LEFT,1.139214,,global_pose,"bearing_deg=97.766,zone_reason=side_sector"
1783526776.710808,robot_2,robot_0,skipped,distance_above_warning_threshold,LEFT,1.171385,,global_pose,"bearing_deg=98.978,zone_reason=side_sector"
1783526776.810928,robot_2,robot_0,skipped,distance_above_warning_threshold,LEFT,1.203453,,global_pose,"bearing_deg=100.078,zone_reason=side_sector"
1783526776.910752,robot_2,robot_0,skipped,distance_above_warning_threshold,LEFT,1.235652,,global_pose,"bearing_deg=101.156,zone_reason=side_sector"
